"","stars","review_count","is_open","category","week_day","hourofday","checkins"
"1",5,5,1,"Health & Medical",6,0,0
"2",5,5,1,"Health & Medical",6,1,0
"3",5,5,1,"Health & Medical",6,10,0
"4",5,5,1,"Health & Medical",6,11,0
"5",5,5,1,"Health & Medical",6,12,0
"6",5,5,1,"Health & Medical",6,13,0
"7",5,5,1,"Health & Medical",6,14,0
"8",5,5,1,"Health & Medical",6,15,0
"9",5,5,1,"Health & Medical",6,16,0
"10",5,5,1,"Health & Medical",6,17,0
"11",5,5,1,"Health & Medical",6,18,0
"12",5,5,1,"Health & Medical",6,19,0
"13",5,5,1,"Health & Medical",6,2,0
"14",5,5,1,"Health & Medical",6,20,0
"15",5,5,1,"Health & Medical",6,21,0
"16",5,5,1,"Health & Medical",6,22,0
"17",5,5,1,"Health & Medical",6,23,0
"18",5,5,1,"Health & Medical",6,3,0
"19",5,5,1,"Health & Medical",6,4,0
"20",5,5,1,"Health & Medical",6,5,0
"21",5,5,1,"Health & Medical",6,6,0
"22",5,5,1,"Health & Medical",6,7,0
"23",5,5,1,"Health & Medical",6,8,0
"24",5,5,1,"Health & Medical",6,9,0
"25",5,5,1,"Health & Medical",2,0,0
"26",5,5,1,"Health & Medical",2,1,0
"27",5,5,1,"Health & Medical",2,10,0
"28",5,5,1,"Health & Medical",2,11,0
"29",5,5,1,"Health & Medical",2,12,0
"30",5,5,1,"Health & Medical",2,13,0
"31",5,5,1,"Health & Medical",2,14,0
"32",5,5,1,"Health & Medical",2,15,0
"33",5,5,1,"Health & Medical",2,16,0
"34",5,5,1,"Health & Medical",2,17,0
"35",5,5,1,"Health & Medical",2,18,0
"36",5,5,1,"Health & Medical",2,19,0
"37",5,5,1,"Health & Medical",2,2,0
"38",5,5,1,"Health & Medical",2,20,0
"39",5,5,1,"Health & Medical",2,21,0
"40",5,5,1,"Health & Medical",2,22,1
"41",5,5,1,"Health & Medical",2,23,0
"42",5,5,1,"Health & Medical",2,3,0
"43",5,5,1,"Health & Medical",2,4,0
"44",5,5,1,"Health & Medical",2,5,0
"45",5,5,1,"Health & Medical",2,6,0
"46",5,5,1,"Health & Medical",2,7,0
"47",5,5,1,"Health & Medical",2,8,0
"48",5,5,1,"Health & Medical",2,9,0
"49",5,5,1,"Health & Medical",7,0,0
"50",5,5,1,"Health & Medical",7,1,0
"51",5,5,1,"Health & Medical",7,10,0
"52",5,5,1,"Health & Medical",7,11,0
"53",5,5,1,"Health & Medical",7,12,0
"54",5,5,1,"Health & Medical",7,13,0
"55",5,5,1,"Health & Medical",7,14,0
"56",5,5,1,"Health & Medical",7,15,0
"57",5,5,1,"Health & Medical",7,16,0
"58",5,5,1,"Health & Medical",7,17,0
"59",5,5,1,"Health & Medical",7,18,0
"60",5,5,1,"Health & Medical",7,19,0
"61",5,5,1,"Health & Medical",7,2,0
"62",5,5,1,"Health & Medical",7,20,0
"63",5,5,1,"Health & Medical",7,21,0
"64",5,5,1,"Health & Medical",7,22,0
"65",5,5,1,"Health & Medical",7,23,0
"66",5,5,1,"Health & Medical",7,3,0
"67",5,5,1,"Health & Medical",7,4,0
"68",5,5,1,"Health & Medical",7,5,0
"69",5,5,1,"Health & Medical",7,6,0
"70",5,5,1,"Health & Medical",7,7,0
"71",5,5,1,"Health & Medical",7,8,0
"72",5,5,1,"Health & Medical",7,9,0
"73",5,5,1,"Health & Medical",1,0,0
"74",5,5,1,"Health & Medical",1,1,0
"75",5,5,1,"Health & Medical",1,10,0
"76",5,5,1,"Health & Medical",1,11,0
"77",5,5,1,"Health & Medical",1,12,0
"78",5,5,1,"Health & Medical",1,13,0
"79",5,5,1,"Health & Medical",1,14,0
"80",5,5,1,"Health & Medical",1,15,0
"81",5,5,1,"Health & Medical",1,16,0
"82",5,5,1,"Health & Medical",1,17,0
"83",5,5,1,"Health & Medical",1,18,0
"84",5,5,1,"Health & Medical",1,19,0
"85",5,5,1,"Health & Medical",1,2,0
"86",5,5,1,"Health & Medical",1,20,0
"87",5,5,1,"Health & Medical",1,21,0
"88",5,5,1,"Health & Medical",1,22,0
"89",5,5,1,"Health & Medical",1,23,0
"90",5,5,1,"Health & Medical",1,3,0
"91",5,5,1,"Health & Medical",1,4,0
"92",5,5,1,"Health & Medical",1,5,0
"93",5,5,1,"Health & Medical",1,6,0
"94",5,5,1,"Health & Medical",1,7,0
"95",5,5,1,"Health & Medical",1,8,0
"96",5,5,1,"Health & Medical",1,9,0
"97",5,5,1,"Health & Medical",5,0,0
"98",5,5,1,"Health & Medical",5,1,0
"99",5,5,1,"Health & Medical",5,10,0
"100",5,5,1,"Health & Medical",5,11,0
"101",5,5,1,"Health & Medical",5,12,0
"102",5,5,1,"Health & Medical",5,13,0
"103",5,5,1,"Health & Medical",5,14,0
"104",5,5,1,"Health & Medical",5,15,0
"105",5,5,1,"Health & Medical",5,16,0
"106",5,5,1,"Health & Medical",5,17,0
"107",5,5,1,"Health & Medical",5,18,0
"108",5,5,1,"Health & Medical",5,19,0
"109",5,5,1,"Health & Medical",5,2,0
"110",5,5,1,"Health & Medical",5,20,0
"111",5,5,1,"Health & Medical",5,21,0
"112",5,5,1,"Health & Medical",5,22,0
"113",5,5,1,"Health & Medical",5,23,0
"114",5,5,1,"Health & Medical",5,3,0
"115",5,5,1,"Health & Medical",5,4,0
"116",5,5,1,"Health & Medical",5,5,0
"117",5,5,1,"Health & Medical",5,6,0
"118",5,5,1,"Health & Medical",5,7,0
"119",5,5,1,"Health & Medical",5,8,0
"120",5,5,1,"Health & Medical",5,9,0
"121",5,5,1,"Health & Medical",3,0,0
"122",5,5,1,"Health & Medical",3,1,0
"123",5,5,1,"Health & Medical",3,10,0
"124",5,5,1,"Health & Medical",3,11,0
"125",5,5,1,"Health & Medical",3,12,0
"126",5,5,1,"Health & Medical",3,13,0
"127",5,5,1,"Health & Medical",3,14,0
"128",5,5,1,"Health & Medical",3,15,0
"129",5,5,1,"Health & Medical",3,16,0
"130",5,5,1,"Health & Medical",3,17,0
"131",5,5,1,"Health & Medical",3,18,0
"132",5,5,1,"Health & Medical",3,19,0
"133",5,5,1,"Health & Medical",3,2,0
"134",5,5,1,"Health & Medical",3,20,0
"135",5,5,1,"Health & Medical",3,21,0
"136",5,5,1,"Health & Medical",3,22,0
"137",5,5,1,"Health & Medical",3,23,0
"138",5,5,1,"Health & Medical",3,3,0
"139",5,5,1,"Health & Medical",3,4,0
"140",5,5,1,"Health & Medical",3,5,0
"141",5,5,1,"Health & Medical",3,6,0
"142",5,5,1,"Health & Medical",3,7,0
"143",5,5,1,"Health & Medical",3,8,0
"144",5,5,1,"Health & Medical",3,9,0
"145",5,5,1,"Health & Medical",4,0,0
"146",5,5,1,"Health & Medical",4,1,0
"147",5,5,1,"Health & Medical",4,10,0
"148",5,5,1,"Health & Medical",4,11,0
"149",5,5,1,"Health & Medical",4,12,0
"150",5,5,1,"Health & Medical",4,13,0
"151",5,5,1,"Health & Medical",4,14,0
"152",5,5,1,"Health & Medical",4,15,0
"153",5,5,1,"Health & Medical",4,16,0
"154",5,5,1,"Health & Medical",4,17,0
"155",5,5,1,"Health & Medical",4,18,0
"156",5,5,1,"Health & Medical",4,19,0
"157",5,5,1,"Health & Medical",4,2,0
"158",5,5,1,"Health & Medical",4,20,0
"159",5,5,1,"Health & Medical",4,21,0
"160",5,5,1,"Health & Medical",4,22,0
"161",5,5,1,"Health & Medical",4,23,0
"162",5,5,1,"Health & Medical",4,3,0
"163",5,5,1,"Health & Medical",4,4,0
"164",5,5,1,"Health & Medical",4,5,0
"165",5,5,1,"Health & Medical",4,6,0
"166",5,5,1,"Health & Medical",4,7,0
"167",5,5,1,"Health & Medical",4,8,0
"168",5,5,1,"Health & Medical",4,9,0
"169",4.5,19,1,"Restaurants",6,0,0
"170",4.5,19,1,"Restaurants",6,1,0
"171",4.5,19,1,"Restaurants",6,10,0
"172",4.5,19,1,"Restaurants",6,11,0
"173",4.5,19,1,"Restaurants",6,12,0
"174",4.5,19,1,"Restaurants",6,13,0
"175",4.5,19,1,"Restaurants",6,14,0
"176",4.5,19,1,"Restaurants",6,15,0
"177",4.5,19,1,"Restaurants",6,16,1
"178",4.5,19,1,"Restaurants",6,17,0
"179",4.5,19,1,"Restaurants",6,18,0
"180",4.5,19,1,"Restaurants",6,19,0
"181",4.5,19,1,"Restaurants",6,2,0
"182",4.5,19,1,"Restaurants",6,20,0
"183",4.5,19,1,"Restaurants",6,21,0
"184",4.5,19,1,"Restaurants",6,22,0
"185",4.5,19,1,"Restaurants",6,23,0
"186",4.5,19,1,"Restaurants",6,3,0
"187",4.5,19,1,"Restaurants",6,4,0
"188",4.5,19,1,"Restaurants",6,5,0
"189",4.5,19,1,"Restaurants",6,6,0
"190",4.5,19,1,"Restaurants",6,7,0
"191",4.5,19,1,"Restaurants",6,8,0
"192",4.5,19,1,"Restaurants",6,9,0
"193",4.5,19,1,"Restaurants",2,0,0
"194",4.5,19,1,"Restaurants",2,1,0
"195",4.5,19,1,"Restaurants",2,10,0
"196",4.5,19,1,"Restaurants",2,11,0
"197",4.5,19,1,"Restaurants",2,12,0
"198",4.5,19,1,"Restaurants",2,13,0
"199",4.5,19,1,"Restaurants",2,14,0
"200",4.5,19,1,"Restaurants",2,15,0
"201",4.5,19,1,"Restaurants",2,16,0
"202",4.5,19,1,"Restaurants",2,17,0
"203",4.5,19,1,"Restaurants",2,18,0
"204",4.5,19,1,"Restaurants",2,19,2
"205",4.5,19,1,"Restaurants",2,2,0
"206",4.5,19,1,"Restaurants",2,20,0
"207",4.5,19,1,"Restaurants",2,21,0
"208",4.5,19,1,"Restaurants",2,22,0
"209",4.5,19,1,"Restaurants",2,23,0
"210",4.5,19,1,"Restaurants",2,3,0
"211",4.5,19,1,"Restaurants",2,4,0
"212",4.5,19,1,"Restaurants",2,5,0
"213",4.5,19,1,"Restaurants",2,6,0
"214",4.5,19,1,"Restaurants",2,7,0
"215",4.5,19,1,"Restaurants",2,8,0
"216",4.5,19,1,"Restaurants",2,9,0
"217",4.5,19,1,"Restaurants",7,0,0
"218",4.5,19,1,"Restaurants",7,1,0
"219",4.5,19,1,"Restaurants",7,10,0
"220",4.5,19,1,"Restaurants",7,11,0
"221",4.5,19,1,"Restaurants",7,12,0
"222",4.5,19,1,"Restaurants",7,13,0
"223",4.5,19,1,"Restaurants",7,14,0
"224",4.5,19,1,"Restaurants",7,15,0
"225",4.5,19,1,"Restaurants",7,16,0
"226",4.5,19,1,"Restaurants",7,17,0
"227",4.5,19,1,"Restaurants",7,18,0
"228",4.5,19,1,"Restaurants",7,19,0
"229",4.5,19,1,"Restaurants",7,2,1
"230",4.5,19,1,"Restaurants",7,20,1
"231",4.5,19,1,"Restaurants",7,21,0
"232",4.5,19,1,"Restaurants",7,22,0
"233",4.5,19,1,"Restaurants",7,23,0
"234",4.5,19,1,"Restaurants",7,3,0
"235",4.5,19,1,"Restaurants",7,4,0
"236",4.5,19,1,"Restaurants",7,5,0
"237",4.5,19,1,"Restaurants",7,6,0
"238",4.5,19,1,"Restaurants",7,7,0
"239",4.5,19,1,"Restaurants",7,8,0
"240",4.5,19,1,"Restaurants",7,9,0
"241",4.5,19,1,"Restaurants",1,0,0
"242",4.5,19,1,"Restaurants",1,1,1
"243",4.5,19,1,"Restaurants",1,10,0
"244",4.5,19,1,"Restaurants",1,11,0
"245",4.5,19,1,"Restaurants",1,12,0
"246",4.5,19,1,"Restaurants",1,13,0
"247",4.5,19,1,"Restaurants",1,14,0
"248",4.5,19,1,"Restaurants",1,15,0
"249",4.5,19,1,"Restaurants",1,16,0
"250",4.5,19,1,"Restaurants",1,17,0
"251",4.5,19,1,"Restaurants",1,18,1
"252",4.5,19,1,"Restaurants",1,19,0
"253",4.5,19,1,"Restaurants",1,2,0
"254",4.5,19,1,"Restaurants",1,20,0
"255",4.5,19,1,"Restaurants",1,21,0
"256",4.5,19,1,"Restaurants",1,22,0
"257",4.5,19,1,"Restaurants",1,23,1
"258",4.5,19,1,"Restaurants",1,3,0
"259",4.5,19,1,"Restaurants",1,4,0
"260",4.5,19,1,"Restaurants",1,5,0
"261",4.5,19,1,"Restaurants",1,6,0
"262",4.5,19,1,"Restaurants",1,7,0
"263",4.5,19,1,"Restaurants",1,8,0
"264",4.5,19,1,"Restaurants",1,9,0
"265",4.5,19,1,"Restaurants",5,0,0
"266",4.5,19,1,"Restaurants",5,1,0
"267",4.5,19,1,"Restaurants",5,10,0
"268",4.5,19,1,"Restaurants",5,11,0
"269",4.5,19,1,"Restaurants",5,12,0
"270",4.5,19,1,"Restaurants",5,13,0
"271",4.5,19,1,"Restaurants",5,14,0
"272",4.5,19,1,"Restaurants",5,15,0
"273",4.5,19,1,"Restaurants",5,16,0
"274",4.5,19,1,"Restaurants",5,17,0
"275",4.5,19,1,"Restaurants",5,18,0
"276",4.5,19,1,"Restaurants",5,19,1
"277",4.5,19,1,"Restaurants",5,2,0
"278",4.5,19,1,"Restaurants",5,20,0
"279",4.5,19,1,"Restaurants",5,21,0
"280",4.5,19,1,"Restaurants",5,22,0
"281",4.5,19,1,"Restaurants",5,23,0
"282",4.5,19,1,"Restaurants",5,3,0
"283",4.5,19,1,"Restaurants",5,4,0
"284",4.5,19,1,"Restaurants",5,5,0
"285",4.5,19,1,"Restaurants",5,6,0
"286",4.5,19,1,"Restaurants",5,7,0
"287",4.5,19,1,"Restaurants",5,8,0
"288",4.5,19,1,"Restaurants",5,9,0
"289",4.5,19,1,"Restaurants",3,0,1
"290",4.5,19,1,"Restaurants",3,1,0
"291",4.5,19,1,"Restaurants",3,10,0
"292",4.5,19,1,"Restaurants",3,11,0
"293",4.5,19,1,"Restaurants",3,12,0
"294",4.5,19,1,"Restaurants",3,13,0
"295",4.5,19,1,"Restaurants",3,14,0
"296",4.5,19,1,"Restaurants",3,15,0
"297",4.5,19,1,"Restaurants",3,16,0
"298",4.5,19,1,"Restaurants",3,17,0
"299",4.5,19,1,"Restaurants",3,18,0
"300",4.5,19,1,"Restaurants",3,19,1
"301",4.5,19,1,"Restaurants",3,2,0
"302",4.5,19,1,"Restaurants",3,20,1
"303",4.5,19,1,"Restaurants",3,21,1
"304",4.5,19,1,"Restaurants",3,22,0
"305",4.5,19,1,"Restaurants",3,23,0
"306",4.5,19,1,"Restaurants",3,3,0
"307",4.5,19,1,"Restaurants",3,4,0
"308",4.5,19,1,"Restaurants",3,5,0
"309",4.5,19,1,"Restaurants",3,6,0
"310",4.5,19,1,"Restaurants",3,7,0
"311",4.5,19,1,"Restaurants",3,8,0
"312",4.5,19,1,"Restaurants",3,9,0
"313",4.5,19,1,"Restaurants",4,0,0
"314",4.5,19,1,"Restaurants",4,1,0
"315",4.5,19,1,"Restaurants",4,10,0
"316",4.5,19,1,"Restaurants",4,11,0
"317",4.5,19,1,"Restaurants",4,12,0
"318",4.5,19,1,"Restaurants",4,13,0
"319",4.5,19,1,"Restaurants",4,14,0
"320",4.5,19,1,"Restaurants",4,15,0
"321",4.5,19,1,"Restaurants",4,16,0
"322",4.5,19,1,"Restaurants",4,17,0
"323",4.5,19,1,"Restaurants",4,18,0
"324",4.5,19,1,"Restaurants",4,19,0
"325",4.5,19,1,"Restaurants",4,2,0
"326",4.5,19,1,"Restaurants",4,20,0
"327",4.5,19,1,"Restaurants",4,21,0
"328",4.5,19,1,"Restaurants",4,22,0
"329",4.5,19,1,"Restaurants",4,23,0
"330",4.5,19,1,"Restaurants",4,3,0
"331",4.5,19,1,"Restaurants",4,4,0
"332",4.5,19,1,"Restaurants",4,5,0
"333",4.5,19,1,"Restaurants",4,6,0
"334",4.5,19,1,"Restaurants",4,7,0
"335",4.5,19,1,"Restaurants",4,8,0
"336",4.5,19,1,"Restaurants",4,9,0
"337",4,18,1,"Pets",6,0,0
"338",4,18,1,"Pets",6,1,0
"339",4,18,1,"Pets",6,10,0
"340",4,18,1,"Pets",6,11,0
"341",4,18,1,"Pets",6,12,0
"342",4,18,1,"Pets",6,13,0
"343",4,18,1,"Pets",6,14,0
"344",4,18,1,"Pets",6,15,0
"345",4,18,1,"Pets",6,16,0
"346",4,18,1,"Pets",6,17,0
"347",4,18,1,"Pets",6,18,0
"348",4,18,1,"Pets",6,19,0
"349",4,18,1,"Pets",6,2,0
"350",4,18,1,"Pets",6,20,0
"351",4,18,1,"Pets",6,21,0
"352",4,18,1,"Pets",6,22,0
"353",4,18,1,"Pets",6,23,0
"354",4,18,1,"Pets",6,3,0
"355",4,18,1,"Pets",6,4,0
"356",4,18,1,"Pets",6,5,0
"357",4,18,1,"Pets",6,6,0
"358",4,18,1,"Pets",6,7,0
"359",4,18,1,"Pets",6,8,0
"360",4,18,1,"Pets",6,9,0
"361",4,18,1,"Pets",2,0,0
"362",4,18,1,"Pets",2,1,0
"363",4,18,1,"Pets",2,10,0
"364",4,18,1,"Pets",2,11,0
"365",4,18,1,"Pets",2,12,0
"366",4,18,1,"Pets",2,13,0
"367",4,18,1,"Pets",2,14,0
"368",4,18,1,"Pets",2,15,0
"369",4,18,1,"Pets",2,16,0
"370",4,18,1,"Pets",2,17,2
"371",4,18,1,"Pets",2,18,0
"372",4,18,1,"Pets",2,19,0
"373",4,18,1,"Pets",2,2,0
"374",4,18,1,"Pets",2,20,0
"375",4,18,1,"Pets",2,21,0
"376",4,18,1,"Pets",2,22,1
"377",4,18,1,"Pets",2,23,0
"378",4,18,1,"Pets",2,3,0
"379",4,18,1,"Pets",2,4,0
"380",4,18,1,"Pets",2,5,0
"381",4,18,1,"Pets",2,6,0
"382",4,18,1,"Pets",2,7,0
"383",4,18,1,"Pets",2,8,0
"384",4,18,1,"Pets",2,9,0
"385",4,18,1,"Pets",7,0,0
"386",4,18,1,"Pets",7,1,0
"387",4,18,1,"Pets",7,10,0
"388",4,18,1,"Pets",7,11,0
"389",4,18,1,"Pets",7,12,0
"390",4,18,1,"Pets",7,13,0
"391",4,18,1,"Pets",7,14,0
"392",4,18,1,"Pets",7,15,0
"393",4,18,1,"Pets",7,16,0
"394",4,18,1,"Pets",7,17,0
"395",4,18,1,"Pets",7,18,0
"396",4,18,1,"Pets",7,19,1
"397",4,18,1,"Pets",7,2,0
"398",4,18,1,"Pets",7,20,0
"399",4,18,1,"Pets",7,21,2
"400",4,18,1,"Pets",7,22,1
"401",4,18,1,"Pets",7,23,2
"402",4,18,1,"Pets",7,3,0
"403",4,18,1,"Pets",7,4,0
"404",4,18,1,"Pets",7,5,0
"405",4,18,1,"Pets",7,6,0
"406",4,18,1,"Pets",7,7,0
"407",4,18,1,"Pets",7,8,1
"408",4,18,1,"Pets",7,9,0
"409",4,18,1,"Pets",1,0,0
"410",4,18,1,"Pets",1,1,0
"411",4,18,1,"Pets",1,10,0
"412",4,18,1,"Pets",1,11,0
"413",4,18,1,"Pets",1,12,0
"414",4,18,1,"Pets",1,13,0
"415",4,18,1,"Pets",1,14,0
"416",4,18,1,"Pets",1,15,0
"417",4,18,1,"Pets",1,16,0
"418",4,18,1,"Pets",1,17,0
"419",4,18,1,"Pets",1,18,1
"420",4,18,1,"Pets",1,19,0
"421",4,18,1,"Pets",1,2,0
"422",4,18,1,"Pets",1,20,0
"423",4,18,1,"Pets",1,21,0
"424",4,18,1,"Pets",1,22,1
"425",4,18,1,"Pets",1,23,0
"426",4,18,1,"Pets",1,3,0
"427",4,18,1,"Pets",1,4,0
"428",4,18,1,"Pets",1,5,0
"429",4,18,1,"Pets",1,6,0
"430",4,18,1,"Pets",1,7,0
"431",4,18,1,"Pets",1,8,0
"432",4,18,1,"Pets",1,9,0
"433",4,18,1,"Pets",5,0,0
"434",4,18,1,"Pets",5,1,1
"435",4,18,1,"Pets",5,10,0
"436",4,18,1,"Pets",5,11,0
"437",4,18,1,"Pets",5,12,0
"438",4,18,1,"Pets",5,13,1
"439",4,18,1,"Pets",5,14,0
"440",4,18,1,"Pets",5,15,0
"441",4,18,1,"Pets",5,16,0
"442",4,18,1,"Pets",5,17,0
"443",4,18,1,"Pets",5,18,0
"444",4,18,1,"Pets",5,19,0
"445",4,18,1,"Pets",5,2,2
"446",4,18,1,"Pets",5,20,0
"447",4,18,1,"Pets",5,21,0
"448",4,18,1,"Pets",5,22,0
"449",4,18,1,"Pets",5,23,0
"450",4,18,1,"Pets",5,3,0
"451",4,18,1,"Pets",5,4,0
"452",4,18,1,"Pets",5,5,0
"453",4,18,1,"Pets",5,6,0
"454",4,18,1,"Pets",5,7,0
"455",4,18,1,"Pets",5,8,0
"456",4,18,1,"Pets",5,9,0
"457",4,18,1,"Pets",3,0,1
"458",4,18,1,"Pets",3,1,1
"459",4,18,1,"Pets",3,10,0
"460",4,18,1,"Pets",3,11,0
"461",4,18,1,"Pets",3,12,0
"462",4,18,1,"Pets",3,13,0
"463",4,18,1,"Pets",3,14,0
"464",4,18,1,"Pets",3,15,0
"465",4,18,1,"Pets",3,16,0
"466",4,18,1,"Pets",3,17,0
"467",4,18,1,"Pets",3,18,0
"468",4,18,1,"Pets",3,19,1
"469",4,18,1,"Pets",3,2,0
"470",4,18,1,"Pets",3,20,0
"471",4,18,1,"Pets",3,21,0
"472",4,18,1,"Pets",3,22,0
"473",4,18,1,"Pets",3,23,0
"474",4,18,1,"Pets",3,3,0
"475",4,18,1,"Pets",3,4,0
"476",4,18,1,"Pets",3,5,0
"477",4,18,1,"Pets",3,6,0
"478",4,18,1,"Pets",3,7,0
"479",4,18,1,"Pets",3,8,0
"480",4,18,1,"Pets",3,9,0
"481",4,18,1,"Pets",4,0,0
"482",4,18,1,"Pets",4,1,0
"483",4,18,1,"Pets",4,10,0
"484",4,18,1,"Pets",4,11,0
"485",4,18,1,"Pets",4,12,0
"486",4,18,1,"Pets",4,13,1
"487",4,18,1,"Pets",4,14,0
"488",4,18,1,"Pets",4,15,0
"489",4,18,1,"Pets",4,16,0
"490",4,18,1,"Pets",4,17,0
"491",4,18,1,"Pets",4,18,0
"492",4,18,1,"Pets",4,19,0
"493",4,18,1,"Pets",4,2,0
"494",4,18,1,"Pets",4,20,0
"495",4,18,1,"Pets",4,21,1
"496",4,18,1,"Pets",4,22,0
"497",4,18,1,"Pets",4,23,0
"498",4,18,1,"Pets",4,3,0
"499",4,18,1,"Pets",4,4,0
"500",4,18,1,"Pets",4,5,0
"501",4,18,1,"Pets",4,6,0
"502",4,18,1,"Pets",4,7,0
"503",4,18,1,"Pets",4,8,0
"504",4,18,1,"Pets",4,9,0
"505",4,8,1,"Food",6,0,0
"506",4,8,1,"Food",6,1,0
"507",4,8,1,"Food",6,10,0
"508",4,8,1,"Food",6,11,0
"509",4,8,1,"Food",6,12,0
"510",4,8,1,"Food",6,13,0
"511",4,8,1,"Food",6,14,0
"512",4,8,1,"Food",6,15,0
"513",4,8,1,"Food",6,16,0
"514",4,8,1,"Food",6,17,0
"515",4,8,1,"Food",6,18,2
"516",4,8,1,"Food",6,19,0
"517",4,8,1,"Food",6,2,0
"518",4,8,1,"Food",6,20,0
"519",4,8,1,"Food",6,21,0
"520",4,8,1,"Food",6,22,0
"521",4,8,1,"Food",6,23,0
"522",4,8,1,"Food",6,3,2
"523",4,8,1,"Food",6,4,0
"524",4,8,1,"Food",6,5,0
"525",4,8,1,"Food",6,6,0
"526",4,8,1,"Food",6,7,0
"527",4,8,1,"Food",6,8,0
"528",4,8,1,"Food",6,9,0
"529",4,8,1,"Food",2,0,0
"530",4,8,1,"Food",2,1,0
"531",4,8,1,"Food",2,10,0
"532",4,8,1,"Food",2,11,0
"533",4,8,1,"Food",2,12,0
"534",4,8,1,"Food",2,13,0
"535",4,8,1,"Food",2,14,0
"536",4,8,1,"Food",2,15,0
"537",4,8,1,"Food",2,16,0
"538",4,8,1,"Food",2,17,0
"539",4,8,1,"Food",2,18,0
"540",4,8,1,"Food",2,19,0
"541",4,8,1,"Food",2,2,0
"542",4,8,1,"Food",2,20,1
"543",4,8,1,"Food",2,21,0
"544",4,8,1,"Food",2,22,0
"545",4,8,1,"Food",2,23,0
"546",4,8,1,"Food",2,3,0
"547",4,8,1,"Food",2,4,0
"548",4,8,1,"Food",2,5,0
"549",4,8,1,"Food",2,6,0
"550",4,8,1,"Food",2,7,0
"551",4,8,1,"Food",2,8,0
"552",4,8,1,"Food",2,9,0
"553",4,8,1,"Food",7,0,0
"554",4,8,1,"Food",7,1,0
"555",4,8,1,"Food",7,10,0
"556",4,8,1,"Food",7,11,0
"557",4,8,1,"Food",7,12,0
"558",4,8,1,"Food",7,13,0
"559",4,8,1,"Food",7,14,0
"560",4,8,1,"Food",7,15,0
"561",4,8,1,"Food",7,16,3
"562",4,8,1,"Food",7,17,2
"563",4,8,1,"Food",7,18,0
"564",4,8,1,"Food",7,19,1
"565",4,8,1,"Food",7,2,0
"566",4,8,1,"Food",7,20,0
"567",4,8,1,"Food",7,21,0
"568",4,8,1,"Food",7,22,0
"569",4,8,1,"Food",7,23,0
"570",4,8,1,"Food",7,3,0
"571",4,8,1,"Food",7,4,0
"572",4,8,1,"Food",7,5,0
"573",4,8,1,"Food",7,6,0
"574",4,8,1,"Food",7,7,0
"575",4,8,1,"Food",7,8,0
"576",4,8,1,"Food",7,9,0
"577",4,8,1,"Food",1,0,0
"578",4,8,1,"Food",1,1,0
"579",4,8,1,"Food",1,10,0
"580",4,8,1,"Food",1,11,0
"581",4,8,1,"Food",1,12,0
"582",4,8,1,"Food",1,13,0
"583",4,8,1,"Food",1,14,0
"584",4,8,1,"Food",1,15,0
"585",4,8,1,"Food",1,16,0
"586",4,8,1,"Food",1,17,0
"587",4,8,1,"Food",1,18,0
"588",4,8,1,"Food",1,19,0
"589",4,8,1,"Food",1,2,0
"590",4,8,1,"Food",1,20,0
"591",4,8,1,"Food",1,21,0
"592",4,8,1,"Food",1,22,0
"593",4,8,1,"Food",1,23,0
"594",4,8,1,"Food",1,3,0
"595",4,8,1,"Food",1,4,0
"596",4,8,1,"Food",1,5,0
"597",4,8,1,"Food",1,6,0
"598",4,8,1,"Food",1,7,0
"599",4,8,1,"Food",1,8,0
"600",4,8,1,"Food",1,9,0
"601",4,8,1,"Food",5,0,0
"602",4,8,1,"Food",5,1,0
"603",4,8,1,"Food",5,10,0
"604",4,8,1,"Food",5,11,0
"605",4,8,1,"Food",5,12,0
"606",4,8,1,"Food",5,13,0
"607",4,8,1,"Food",5,14,0
"608",4,8,1,"Food",5,15,0
"609",4,8,1,"Food",5,16,0
"610",4,8,1,"Food",5,17,0
"611",4,8,1,"Food",5,18,1
"612",4,8,1,"Food",5,19,1
"613",4,8,1,"Food",5,2,0
"614",4,8,1,"Food",5,20,0
"615",4,8,1,"Food",5,21,0
"616",4,8,1,"Food",5,22,0
"617",4,8,1,"Food",5,23,0
"618",4,8,1,"Food",5,3,0
"619",4,8,1,"Food",5,4,0
"620",4,8,1,"Food",5,5,0
"621",4,8,1,"Food",5,6,0
"622",4,8,1,"Food",5,7,0
"623",4,8,1,"Food",5,8,0
"624",4,8,1,"Food",5,9,0
"625",4,8,1,"Food",3,0,0
"626",4,8,1,"Food",3,1,0
"627",4,8,1,"Food",3,10,0
"628",4,8,1,"Food",3,11,0
"629",4,8,1,"Food",3,12,0
"630",4,8,1,"Food",3,13,0
"631",4,8,1,"Food",3,14,0
"632",4,8,1,"Food",3,15,0
"633",4,8,1,"Food",3,16,0
"634",4,8,1,"Food",3,17,0
"635",4,8,1,"Food",3,18,0
"636",4,8,1,"Food",3,19,0
"637",4,8,1,"Food",3,2,0
"638",4,8,1,"Food",3,20,0
"639",4,8,1,"Food",3,21,0
"640",4,8,1,"Food",3,22,0
"641",4,8,1,"Food",3,23,0
"642",4,8,1,"Food",3,3,0
"643",4,8,1,"Food",3,4,0
"644",4,8,1,"Food",3,5,0
"645",4,8,1,"Food",3,6,0
"646",4,8,1,"Food",3,7,0
"647",4,8,1,"Food",3,8,0
"648",4,8,1,"Food",3,9,0
"649",4,8,1,"Food",4,0,0
"650",4,8,1,"Food",4,1,0
"651",4,8,1,"Food",4,10,0
"652",4,8,1,"Food",4,11,0
"653",4,8,1,"Food",4,12,0
"654",4,8,1,"Food",4,13,0
"655",4,8,1,"Food",4,14,0
"656",4,8,1,"Food",4,15,0
"657",4,8,1,"Food",4,16,0
"658",4,8,1,"Food",4,17,0
"659",4,8,1,"Food",4,18,0
"660",4,8,1,"Food",4,19,0
"661",4,8,1,"Food",4,2,0
"662",4,8,1,"Food",4,20,0
"663",4,8,1,"Food",4,21,0
"664",4,8,1,"Food",4,22,0
"665",4,8,1,"Food",4,23,0
"666",4,8,1,"Food",4,3,0
"667",4,8,1,"Food",4,4,0
"668",4,8,1,"Food",4,5,0
"669",4,8,1,"Food",4,6,0
"670",4,8,1,"Food",4,7,0
"671",4,8,1,"Food",4,8,0
"672",4,8,1,"Food",4,9,0
"673",3,35,1,"Automotive",6,0,0
"674",3,35,1,"Automotive",6,1,0
"675",3,35,1,"Automotive",6,10,0
"676",3,35,1,"Automotive",6,11,0
"677",3,35,1,"Automotive",6,12,0
"678",3,35,1,"Automotive",6,13,0
"679",3,35,1,"Automotive",6,14,0
"680",3,35,1,"Automotive",6,15,1
"681",3,35,1,"Automotive",6,16,1
"682",3,35,1,"Automotive",6,17,0
"683",3,35,1,"Automotive",6,18,0
"684",3,35,1,"Automotive",6,19,0
"685",3,35,1,"Automotive",6,2,0
"686",3,35,1,"Automotive",6,20,0
"687",3,35,1,"Automotive",6,21,0
"688",3,35,1,"Automotive",6,22,1
"689",3,35,1,"Automotive",6,23,0
"690",3,35,1,"Automotive",6,3,0
"691",3,35,1,"Automotive",6,4,0
"692",3,35,1,"Automotive",6,5,0
"693",3,35,1,"Automotive",6,6,0
"694",3,35,1,"Automotive",6,7,0
"695",3,35,1,"Automotive",6,8,0
"696",3,35,1,"Automotive",6,9,0
"697",3,35,1,"Automotive",2,0,0
"698",3,35,1,"Automotive",2,1,0
"699",3,35,1,"Automotive",2,10,0
"700",3,35,1,"Automotive",2,11,0
"701",3,35,1,"Automotive",2,12,0
"702",3,35,1,"Automotive",2,13,0
"703",3,35,1,"Automotive",2,14,3
"704",3,35,1,"Automotive",2,15,0
"705",3,35,1,"Automotive",2,16,0
"706",3,35,1,"Automotive",2,17,0
"707",3,35,1,"Automotive",2,18,0
"708",3,35,1,"Automotive",2,19,0
"709",3,35,1,"Automotive",2,2,0
"710",3,35,1,"Automotive",2,20,0
"711",3,35,1,"Automotive",2,21,0
"712",3,35,1,"Automotive",2,22,0
"713",3,35,1,"Automotive",2,23,0
"714",3,35,1,"Automotive",2,3,0
"715",3,35,1,"Automotive",2,4,0
"716",3,35,1,"Automotive",2,5,0
"717",3,35,1,"Automotive",2,6,0
"718",3,35,1,"Automotive",2,7,0
"719",3,35,1,"Automotive",2,8,0
"720",3,35,1,"Automotive",2,9,0
"721",3,35,1,"Automotive",7,0,0
"722",3,35,1,"Automotive",7,1,1
"723",3,35,1,"Automotive",7,10,0
"724",3,35,1,"Automotive",7,11,0
"725",3,35,1,"Automotive",7,12,0
"726",3,35,1,"Automotive",7,13,0
"727",3,35,1,"Automotive",7,14,1
"728",3,35,1,"Automotive",7,15,0
"729",3,35,1,"Automotive",7,16,2
"730",3,35,1,"Automotive",7,17,0
"731",3,35,1,"Automotive",7,18,0
"732",3,35,1,"Automotive",7,19,2
"733",3,35,1,"Automotive",7,2,0
"734",3,35,1,"Automotive",7,20,0
"735",3,35,1,"Automotive",7,21,0
"736",3,35,1,"Automotive",7,22,1
"737",3,35,1,"Automotive",7,23,2
"738",3,35,1,"Automotive",7,3,0
"739",3,35,1,"Automotive",7,4,1
"740",3,35,1,"Automotive",7,5,0
"741",3,35,1,"Automotive",7,6,0
"742",3,35,1,"Automotive",7,7,0
"743",3,35,1,"Automotive",7,8,0
"744",3,35,1,"Automotive",7,9,0
"745",3,35,1,"Automotive",1,0,0
"746",3,35,1,"Automotive",1,1,0
"747",3,35,1,"Automotive",1,10,0
"748",3,35,1,"Automotive",1,11,0
"749",3,35,1,"Automotive",1,12,0
"750",3,35,1,"Automotive",1,13,0
"751",3,35,1,"Automotive",1,14,0
"752",3,35,1,"Automotive",1,15,0
"753",3,35,1,"Automotive",1,16,0
"754",3,35,1,"Automotive",1,17,0
"755",3,35,1,"Automotive",1,18,0
"756",3,35,1,"Automotive",1,19,0
"757",3,35,1,"Automotive",1,2,0
"758",3,35,1,"Automotive",1,20,0
"759",3,35,1,"Automotive",1,21,1
"760",3,35,1,"Automotive",1,22,0
"761",3,35,1,"Automotive",1,23,0
"762",3,35,1,"Automotive",1,3,0
"763",3,35,1,"Automotive",1,4,0
"764",3,35,1,"Automotive",1,5,0
"765",3,35,1,"Automotive",1,6,0
"766",3,35,1,"Automotive",1,7,0
"767",3,35,1,"Automotive",1,8,0
"768",3,35,1,"Automotive",1,9,0
"769",3,35,1,"Automotive",5,0,0
"770",3,35,1,"Automotive",5,1,0
"771",3,35,1,"Automotive",5,10,0
"772",3,35,1,"Automotive",5,11,0
"773",3,35,1,"Automotive",5,12,0
"774",3,35,1,"Automotive",5,13,0
"775",3,35,1,"Automotive",5,14,0
"776",3,35,1,"Automotive",5,15,0
"777",3,35,1,"Automotive",5,16,1
"778",3,35,1,"Automotive",5,17,0
"779",3,35,1,"Automotive",5,18,0
"780",3,35,1,"Automotive",5,19,0
"781",3,35,1,"Automotive",5,2,0
"782",3,35,1,"Automotive",5,20,0
"783",3,35,1,"Automotive",5,21,0
"784",3,35,1,"Automotive",5,22,0
"785",3,35,1,"Automotive",5,23,0
"786",3,35,1,"Automotive",5,3,0
"787",3,35,1,"Automotive",5,4,0
"788",3,35,1,"Automotive",5,5,0
"789",3,35,1,"Automotive",5,6,0
"790",3,35,1,"Automotive",5,7,0
"791",3,35,1,"Automotive",5,8,0
"792",3,35,1,"Automotive",5,9,0
"793",3,35,1,"Automotive",3,0,0
"794",3,35,1,"Automotive",3,1,1
"795",3,35,1,"Automotive",3,10,0
"796",3,35,1,"Automotive",3,11,0
"797",3,35,1,"Automotive",3,12,0
"798",3,35,1,"Automotive",3,13,0
"799",3,35,1,"Automotive",3,14,0
"800",3,35,1,"Automotive",3,15,1
"801",3,35,1,"Automotive",3,16,0
"802",3,35,1,"Automotive",3,17,1
"803",3,35,1,"Automotive",3,18,0
"804",3,35,1,"Automotive",3,19,0
"805",3,35,1,"Automotive",3,2,0
"806",3,35,1,"Automotive",3,20,0
"807",3,35,1,"Automotive",3,21,0
"808",3,35,1,"Automotive",3,22,1
"809",3,35,1,"Automotive",3,23,0
"810",3,35,1,"Automotive",3,3,0
"811",3,35,1,"Automotive",3,4,0
"812",3,35,1,"Automotive",3,5,0
"813",3,35,1,"Automotive",3,6,0
"814",3,35,1,"Automotive",3,7,0
"815",3,35,1,"Automotive",3,8,0
"816",3,35,1,"Automotive",3,9,0
"817",3,35,1,"Automotive",4,0,0
"818",3,35,1,"Automotive",4,1,0
"819",3,35,1,"Automotive",4,10,0
"820",3,35,1,"Automotive",4,11,0
"821",3,35,1,"Automotive",4,12,0
"822",3,35,1,"Automotive",4,13,0
"823",3,35,1,"Automotive",4,14,0
"824",3,35,1,"Automotive",4,15,0
"825",3,35,1,"Automotive",4,16,1
"826",3,35,1,"Automotive",4,17,0
"827",3,35,1,"Automotive",4,18,0
"828",3,35,1,"Automotive",4,19,0
"829",3,35,1,"Automotive",4,2,0
"830",3,35,1,"Automotive",4,20,0
"831",3,35,1,"Automotive",4,21,0
"832",3,35,1,"Automotive",4,22,0
"833",3,35,1,"Automotive",4,23,1
"834",3,35,1,"Automotive",4,3,0
"835",3,35,1,"Automotive",4,4,0
"836",3,35,1,"Automotive",4,5,0
"837",3,35,1,"Automotive",4,6,0
"838",3,35,1,"Automotive",4,7,0
"839",3,35,1,"Automotive",4,8,0
"840",3,35,1,"Automotive",4,9,0
"841",5,18,1,"Beauty & Spas",6,0,0
"842",5,18,1,"Beauty & Spas",6,1,0
"843",5,18,1,"Beauty & Spas",6,10,0
"844",5,18,1,"Beauty & Spas",6,11,0
"845",5,18,1,"Beauty & Spas",6,12,0
"846",5,18,1,"Beauty & Spas",6,13,0
"847",5,18,1,"Beauty & Spas",6,14,0
"848",5,18,1,"Beauty & Spas",6,15,0
"849",5,18,1,"Beauty & Spas",6,16,0
"850",5,18,1,"Beauty & Spas",6,17,0
"851",5,18,1,"Beauty & Spas",6,18,0
"852",5,18,1,"Beauty & Spas",6,19,0
"853",5,18,1,"Beauty & Spas",6,2,0
"854",5,18,1,"Beauty & Spas",6,20,0
"855",5,18,1,"Beauty & Spas",6,21,0
"856",5,18,1,"Beauty & Spas",6,22,0
"857",5,18,1,"Beauty & Spas",6,23,0
"858",5,18,1,"Beauty & Spas",6,3,0
"859",5,18,1,"Beauty & Spas",6,4,0
"860",5,18,1,"Beauty & Spas",6,5,0
"861",5,18,1,"Beauty & Spas",6,6,0
"862",5,18,1,"Beauty & Spas",6,7,0
"863",5,18,1,"Beauty & Spas",6,8,0
"864",5,18,1,"Beauty & Spas",6,9,0
"865",5,18,1,"Beauty & Spas",2,0,0
"866",5,18,1,"Beauty & Spas",2,1,1
"867",5,18,1,"Beauty & Spas",2,10,0
"868",5,18,1,"Beauty & Spas",2,11,0
"869",5,18,1,"Beauty & Spas",2,12,0
"870",5,18,1,"Beauty & Spas",2,13,0
"871",5,18,1,"Beauty & Spas",2,14,0
"872",5,18,1,"Beauty & Spas",2,15,0
"873",5,18,1,"Beauty & Spas",2,16,0
"874",5,18,1,"Beauty & Spas",2,17,0
"875",5,18,1,"Beauty & Spas",2,18,0
"876",5,18,1,"Beauty & Spas",2,19,0
"877",5,18,1,"Beauty & Spas",2,2,0
"878",5,18,1,"Beauty & Spas",2,20,0
"879",5,18,1,"Beauty & Spas",2,21,0
"880",5,18,1,"Beauty & Spas",2,22,0
"881",5,18,1,"Beauty & Spas",2,23,0
"882",5,18,1,"Beauty & Spas",2,3,0
"883",5,18,1,"Beauty & Spas",2,4,0
"884",5,18,1,"Beauty & Spas",2,5,0
"885",5,18,1,"Beauty & Spas",2,6,0
"886",5,18,1,"Beauty & Spas",2,7,0
"887",5,18,1,"Beauty & Spas",2,8,0
"888",5,18,1,"Beauty & Spas",2,9,0
"889",5,18,1,"Beauty & Spas",7,0,1
"890",5,18,1,"Beauty & Spas",7,1,0
"891",5,18,1,"Beauty & Spas",7,10,0
"892",5,18,1,"Beauty & Spas",7,11,0
"893",5,18,1,"Beauty & Spas",7,12,0
"894",5,18,1,"Beauty & Spas",7,13,0
"895",5,18,1,"Beauty & Spas",7,14,0
"896",5,18,1,"Beauty & Spas",7,15,0
"897",5,18,1,"Beauty & Spas",7,16,0
"898",5,18,1,"Beauty & Spas",7,17,0
"899",5,18,1,"Beauty & Spas",7,18,1
"900",5,18,1,"Beauty & Spas",7,19,0
"901",5,18,1,"Beauty & Spas",7,2,0
"902",5,18,1,"Beauty & Spas",7,20,0
"903",5,18,1,"Beauty & Spas",7,21,0
"904",5,18,1,"Beauty & Spas",7,22,0
"905",5,18,1,"Beauty & Spas",7,23,1
"906",5,18,1,"Beauty & Spas",7,3,0
"907",5,18,1,"Beauty & Spas",7,4,0
"908",5,18,1,"Beauty & Spas",7,5,0
"909",5,18,1,"Beauty & Spas",7,6,0
"910",5,18,1,"Beauty & Spas",7,7,0
"911",5,18,1,"Beauty & Spas",7,8,0
"912",5,18,1,"Beauty & Spas",7,9,0
"913",5,18,1,"Beauty & Spas",1,0,0
"914",5,18,1,"Beauty & Spas",1,1,1
"915",5,18,1,"Beauty & Spas",1,10,0
"916",5,18,1,"Beauty & Spas",1,11,0
"917",5,18,1,"Beauty & Spas",1,12,0
"918",5,18,1,"Beauty & Spas",1,13,0
"919",5,18,1,"Beauty & Spas",1,14,0
"920",5,18,1,"Beauty & Spas",1,15,0
"921",5,18,1,"Beauty & Spas",1,16,0
"922",5,18,1,"Beauty & Spas",1,17,0
"923",5,18,1,"Beauty & Spas",1,18,0
"924",5,18,1,"Beauty & Spas",1,19,0
"925",5,18,1,"Beauty & Spas",1,2,0
"926",5,18,1,"Beauty & Spas",1,20,0
"927",5,18,1,"Beauty & Spas",1,21,0
"928",5,18,1,"Beauty & Spas",1,22,0
"929",5,18,1,"Beauty & Spas",1,23,0
"930",5,18,1,"Beauty & Spas",1,3,1
"931",5,18,1,"Beauty & Spas",1,4,0
"932",5,18,1,"Beauty & Spas",1,5,0
"933",5,18,1,"Beauty & Spas",1,6,0
"934",5,18,1,"Beauty & Spas",1,7,0
"935",5,18,1,"Beauty & Spas",1,8,0
"936",5,18,1,"Beauty & Spas",1,9,0
"937",5,18,1,"Beauty & Spas",5,0,0
"938",5,18,1,"Beauty & Spas",5,1,0
"939",5,18,1,"Beauty & Spas",5,10,0
"940",5,18,1,"Beauty & Spas",5,11,0
"941",5,18,1,"Beauty & Spas",5,12,0
"942",5,18,1,"Beauty & Spas",5,13,0
"943",5,18,1,"Beauty & Spas",5,14,0
"944",5,18,1,"Beauty & Spas",5,15,0
"945",5,18,1,"Beauty & Spas",5,16,0
"946",5,18,1,"Beauty & Spas",5,17,0
"947",5,18,1,"Beauty & Spas",5,18,0
"948",5,18,1,"Beauty & Spas",5,19,0
"949",5,18,1,"Beauty & Spas",5,2,0
"950",5,18,1,"Beauty & Spas",5,20,1
"951",5,18,1,"Beauty & Spas",5,21,0
"952",5,18,1,"Beauty & Spas",5,22,0
"953",5,18,1,"Beauty & Spas",5,23,0
"954",5,18,1,"Beauty & Spas",5,3,0
"955",5,18,1,"Beauty & Spas",5,4,0
"956",5,18,1,"Beauty & Spas",5,5,0
"957",5,18,1,"Beauty & Spas",5,6,0
"958",5,18,1,"Beauty & Spas",5,7,0
"959",5,18,1,"Beauty & Spas",5,8,0
"960",5,18,1,"Beauty & Spas",5,9,0
"961",5,18,1,"Beauty & Spas",3,0,1
"962",5,18,1,"Beauty & Spas",3,1,0
"963",5,18,1,"Beauty & Spas",3,10,0
"964",5,18,1,"Beauty & Spas",3,11,0
"965",5,18,1,"Beauty & Spas",3,12,0
"966",5,18,1,"Beauty & Spas",3,13,0
"967",5,18,1,"Beauty & Spas",3,14,0
"968",5,18,1,"Beauty & Spas",3,15,0
"969",5,18,1,"Beauty & Spas",3,16,0
"970",5,18,1,"Beauty & Spas",3,17,0
"971",5,18,1,"Beauty & Spas",3,18,0
"972",5,18,1,"Beauty & Spas",3,19,1
"973",5,18,1,"Beauty & Spas",3,2,0
"974",5,18,1,"Beauty & Spas",3,20,0
"975",5,18,1,"Beauty & Spas",3,21,0
"976",5,18,1,"Beauty & Spas",3,22,0
"977",5,18,1,"Beauty & Spas",3,23,0
"978",5,18,1,"Beauty & Spas",3,3,0
"979",5,18,1,"Beauty & Spas",3,4,0
"980",5,18,1,"Beauty & Spas",3,5,0
"981",5,18,1,"Beauty & Spas",3,6,0
"982",5,18,1,"Beauty & Spas",3,7,0
"983",5,18,1,"Beauty & Spas",3,8,0
"984",5,18,1,"Beauty & Spas",3,9,0
"985",5,18,1,"Beauty & Spas",4,0,0
"986",5,18,1,"Beauty & Spas",4,1,0
"987",5,18,1,"Beauty & Spas",4,10,0
"988",5,18,1,"Beauty & Spas",4,11,0
"989",5,18,1,"Beauty & Spas",4,12,0
"990",5,18,1,"Beauty & Spas",4,13,0
"991",5,18,1,"Beauty & Spas",4,14,0
"992",5,18,1,"Beauty & Spas",4,15,0
"993",5,18,1,"Beauty & Spas",4,16,0
"994",5,18,1,"Beauty & Spas",4,17,0
"995",5,18,1,"Beauty & Spas",4,18,0
"996",5,18,1,"Beauty & Spas",4,19,0
"997",5,18,1,"Beauty & Spas",4,2,0
"998",5,18,1,"Beauty & Spas",4,20,0
"999",5,18,1,"Beauty & Spas",4,21,0
"1000",5,18,1,"Beauty & Spas",4,22,0
"1001",5,18,1,"Beauty & Spas",4,23,0
"1002",5,18,1,"Beauty & Spas",4,3,0
"1003",5,18,1,"Beauty & Spas",4,4,0
"1004",5,18,1,"Beauty & Spas",4,5,0
"1005",5,18,1,"Beauty & Spas",4,6,0
"1006",5,18,1,"Beauty & Spas",4,7,0
"1007",5,18,1,"Beauty & Spas",4,8,0
"1008",5,18,1,"Beauty & Spas",4,9,0
"1009",5,14,1,"Active Life",6,0,0
"1010",5,14,1,"Active Life",6,1,1
"1011",5,14,1,"Active Life",6,10,0
"1012",5,14,1,"Active Life",6,11,0
"1013",5,14,1,"Active Life",6,12,0
"1014",5,14,1,"Active Life",6,13,0
"1015",5,14,1,"Active Life",6,14,0
"1016",5,14,1,"Active Life",6,15,0
"1017",5,14,1,"Active Life",6,16,0
"1018",5,14,1,"Active Life",6,17,0
"1019",5,14,1,"Active Life",6,18,4
"1020",5,14,1,"Active Life",6,19,0
"1021",5,14,1,"Active Life",6,2,1
"1022",5,14,1,"Active Life",6,20,1
"1023",5,14,1,"Active Life",6,21,0
"1024",5,14,1,"Active Life",6,22,0
"1025",5,14,1,"Active Life",6,23,0
"1026",5,14,1,"Active Life",6,3,1
"1027",5,14,1,"Active Life",6,4,0
"1028",5,14,1,"Active Life",6,5,0
"1029",5,14,1,"Active Life",6,6,0
"1030",5,14,1,"Active Life",6,7,0
"1031",5,14,1,"Active Life",6,8,0
"1032",5,14,1,"Active Life",6,9,0
"1033",5,14,1,"Active Life",2,0,0
"1034",5,14,1,"Active Life",2,1,0
"1035",5,14,1,"Active Life",2,10,0
"1036",5,14,1,"Active Life",2,11,0
"1037",5,14,1,"Active Life",2,12,1
"1038",5,14,1,"Active Life",2,13,0
"1039",5,14,1,"Active Life",2,14,0
"1040",5,14,1,"Active Life",2,15,0
"1041",5,14,1,"Active Life",2,16,7
"1042",5,14,1,"Active Life",2,17,1
"1043",5,14,1,"Active Life",2,18,0
"1044",5,14,1,"Active Life",2,19,1
"1045",5,14,1,"Active Life",2,2,0
"1046",5,14,1,"Active Life",2,20,0
"1047",5,14,1,"Active Life",2,21,0
"1048",5,14,1,"Active Life",2,22,0
"1049",5,14,1,"Active Life",2,23,1
"1050",5,14,1,"Active Life",2,3,0
"1051",5,14,1,"Active Life",2,4,0
"1052",5,14,1,"Active Life",2,5,0
"1053",5,14,1,"Active Life",2,6,0
"1054",5,14,1,"Active Life",2,7,0
"1055",5,14,1,"Active Life",2,8,0
"1056",5,14,1,"Active Life",2,9,0
"1057",5,14,1,"Active Life",7,0,0
"1058",5,14,1,"Active Life",7,1,0
"1059",5,14,1,"Active Life",7,10,0
"1060",5,14,1,"Active Life",7,11,0
"1061",5,14,1,"Active Life",7,12,0
"1062",5,14,1,"Active Life",7,13,0
"1063",5,14,1,"Active Life",7,14,0
"1064",5,14,1,"Active Life",7,15,1
"1065",5,14,1,"Active Life",7,16,0
"1066",5,14,1,"Active Life",7,17,1
"1067",5,14,1,"Active Life",7,18,1
"1068",5,14,1,"Active Life",7,19,1
"1069",5,14,1,"Active Life",7,2,0
"1070",5,14,1,"Active Life",7,20,1
"1071",5,14,1,"Active Life",7,21,3
"1072",5,14,1,"Active Life",7,22,1
"1073",5,14,1,"Active Life",7,23,1
"1074",5,14,1,"Active Life",7,3,0
"1075",5,14,1,"Active Life",7,4,0
"1076",5,14,1,"Active Life",7,5,0
"1077",5,14,1,"Active Life",7,6,0
"1078",5,14,1,"Active Life",7,7,0
"1079",5,14,1,"Active Life",7,8,0
"1080",5,14,1,"Active Life",7,9,0
"1081",5,14,1,"Active Life",1,0,0
"1082",5,14,1,"Active Life",1,1,0
"1083",5,14,1,"Active Life",1,10,0
"1084",5,14,1,"Active Life",1,11,0
"1085",5,14,1,"Active Life",1,12,0
"1086",5,14,1,"Active Life",1,13,0
"1087",5,14,1,"Active Life",1,14,0
"1088",5,14,1,"Active Life",1,15,0
"1089",5,14,1,"Active Life",1,16,0
"1090",5,14,1,"Active Life",1,17,0
"1091",5,14,1,"Active Life",1,18,0
"1092",5,14,1,"Active Life",1,19,0
"1093",5,14,1,"Active Life",1,2,0
"1094",5,14,1,"Active Life",1,20,0
"1095",5,14,1,"Active Life",1,21,0
"1096",5,14,1,"Active Life",1,22,0
"1097",5,14,1,"Active Life",1,23,0
"1098",5,14,1,"Active Life",1,3,0
"1099",5,14,1,"Active Life",1,4,0
"1100",5,14,1,"Active Life",1,5,0
"1101",5,14,1,"Active Life",1,6,0
"1102",5,14,1,"Active Life",1,7,0
"1103",5,14,1,"Active Life",1,8,0
"1104",5,14,1,"Active Life",1,9,0
"1105",5,14,1,"Active Life",5,0,0
"1106",5,14,1,"Active Life",5,1,0
"1107",5,14,1,"Active Life",5,10,0
"1108",5,14,1,"Active Life",5,11,0
"1109",5,14,1,"Active Life",5,12,0
"1110",5,14,1,"Active Life",5,13,0
"1111",5,14,1,"Active Life",5,14,1
"1112",5,14,1,"Active Life",5,15,0
"1113",5,14,1,"Active Life",5,16,0
"1114",5,14,1,"Active Life",5,17,0
"1115",5,14,1,"Active Life",5,18,0
"1116",5,14,1,"Active Life",5,19,0
"1117",5,14,1,"Active Life",5,2,0
"1118",5,14,1,"Active Life",5,20,0
"1119",5,14,1,"Active Life",5,21,0
"1120",5,14,1,"Active Life",5,22,0
"1121",5,14,1,"Active Life",5,23,0
"1122",5,14,1,"Active Life",5,3,0
"1123",5,14,1,"Active Life",5,4,0
"1124",5,14,1,"Active Life",5,5,0
"1125",5,14,1,"Active Life",5,6,0
"1126",5,14,1,"Active Life",5,7,0
"1127",5,14,1,"Active Life",5,8,0
"1128",5,14,1,"Active Life",5,9,0
"1129",5,14,1,"Active Life",3,0,0
"1130",5,14,1,"Active Life",3,1,1
"1131",5,14,1,"Active Life",3,10,0
"1132",5,14,1,"Active Life",3,11,0
"1133",5,14,1,"Active Life",3,12,0
"1134",5,14,1,"Active Life",3,13,0
"1135",5,14,1,"Active Life",3,14,1
"1136",5,14,1,"Active Life",3,15,0
"1137",5,14,1,"Active Life",3,16,0
"1138",5,14,1,"Active Life",3,17,0
"1139",5,14,1,"Active Life",3,18,0
"1140",5,14,1,"Active Life",3,19,1
"1141",5,14,1,"Active Life",3,2,0
"1142",5,14,1,"Active Life",3,20,0
"1143",5,14,1,"Active Life",3,21,0
"1144",5,14,1,"Active Life",3,22,0
"1145",5,14,1,"Active Life",3,23,1
"1146",5,14,1,"Active Life",3,3,0
"1147",5,14,1,"Active Life",3,4,0
"1148",5,14,1,"Active Life",3,5,0
"1149",5,14,1,"Active Life",3,6,0
"1150",5,14,1,"Active Life",3,7,0
"1151",5,14,1,"Active Life",3,8,0
"1152",5,14,1,"Active Life",3,9,0
"1153",5,14,1,"Active Life",4,0,1
"1154",5,14,1,"Active Life",4,1,0
"1155",5,14,1,"Active Life",4,10,0
"1156",5,14,1,"Active Life",4,11,0
"1157",5,14,1,"Active Life",4,12,0
"1158",5,14,1,"Active Life",4,13,1
"1159",5,14,1,"Active Life",4,14,2
"1160",5,14,1,"Active Life",4,15,0
"1161",5,14,1,"Active Life",4,16,5
"1162",5,14,1,"Active Life",4,17,1
"1163",5,14,1,"Active Life",4,18,0
"1164",5,14,1,"Active Life",4,19,0
"1165",5,14,1,"Active Life",4,2,2
"1166",5,14,1,"Active Life",4,20,0
"1167",5,14,1,"Active Life",4,21,0
"1168",5,14,1,"Active Life",4,22,0
"1169",5,14,1,"Active Life",4,23,0
"1170",5,14,1,"Active Life",4,3,2
"1171",5,14,1,"Active Life",4,4,2
"1172",5,14,1,"Active Life",4,5,0
"1173",5,14,1,"Active Life",4,6,0
"1174",5,14,1,"Active Life",4,7,0
"1175",5,14,1,"Active Life",4,8,0
"1176",5,14,1,"Active Life",4,9,0
"1177",5,3,1,"Shopping",6,0,0
"1178",5,3,1,"Shopping",6,1,0
"1179",5,3,1,"Shopping",6,10,0
"1180",5,3,1,"Shopping",6,11,0
"1181",5,3,1,"Shopping",6,12,0
"1182",5,3,1,"Shopping",6,13,0
"1183",5,3,1,"Shopping",6,14,0
"1184",5,3,1,"Shopping",6,15,0
"1185",5,3,1,"Shopping",6,16,0
"1186",5,3,1,"Shopping",6,17,0
"1187",5,3,1,"Shopping",6,18,0
"1188",5,3,1,"Shopping",6,19,0
"1189",5,3,1,"Shopping",6,2,0
"1190",5,3,1,"Shopping",6,20,0
"1191",5,3,1,"Shopping",6,21,0
"1192",5,3,1,"Shopping",6,22,0
"1193",5,3,1,"Shopping",6,23,0
"1194",5,3,1,"Shopping",6,3,0
"1195",5,3,1,"Shopping",6,4,0
"1196",5,3,1,"Shopping",6,5,0
"1197",5,3,1,"Shopping",6,6,0
"1198",5,3,1,"Shopping",6,7,0
"1199",5,3,1,"Shopping",6,8,0
"1200",5,3,1,"Shopping",6,9,0
"1201",5,3,1,"Shopping",2,0,0
"1202",5,3,1,"Shopping",2,1,0
"1203",5,3,1,"Shopping",2,10,0
"1204",5,3,1,"Shopping",2,11,0
"1205",5,3,1,"Shopping",2,12,0
"1206",5,3,1,"Shopping",2,13,0
"1207",5,3,1,"Shopping",2,14,0
"1208",5,3,1,"Shopping",2,15,0
"1209",5,3,1,"Shopping",2,16,0
"1210",5,3,1,"Shopping",2,17,0
"1211",5,3,1,"Shopping",2,18,0
"1212",5,3,1,"Shopping",2,19,0
"1213",5,3,1,"Shopping",2,2,0
"1214",5,3,1,"Shopping",2,20,0
"1215",5,3,1,"Shopping",2,21,0
"1216",5,3,1,"Shopping",2,22,0
"1217",5,3,1,"Shopping",2,23,0
"1218",5,3,1,"Shopping",2,3,0
"1219",5,3,1,"Shopping",2,4,0
"1220",5,3,1,"Shopping",2,5,0
"1221",5,3,1,"Shopping",2,6,0
"1222",5,3,1,"Shopping",2,7,0
"1223",5,3,1,"Shopping",2,8,0
"1224",5,3,1,"Shopping",2,9,0
"1225",5,3,1,"Shopping",7,0,0
"1226",5,3,1,"Shopping",7,1,0
"1227",5,3,1,"Shopping",7,10,0
"1228",5,3,1,"Shopping",7,11,0
"1229",5,3,1,"Shopping",7,12,0
"1230",5,3,1,"Shopping",7,13,0
"1231",5,3,1,"Shopping",7,14,0
"1232",5,3,1,"Shopping",7,15,0
"1233",5,3,1,"Shopping",7,16,0
"1234",5,3,1,"Shopping",7,17,0
"1235",5,3,1,"Shopping",7,18,0
"1236",5,3,1,"Shopping",7,19,0
"1237",5,3,1,"Shopping",7,2,0
"1238",5,3,1,"Shopping",7,20,1
"1239",5,3,1,"Shopping",7,21,0
"1240",5,3,1,"Shopping",7,22,0
"1241",5,3,1,"Shopping",7,23,0
"1242",5,3,1,"Shopping",7,3,0
"1243",5,3,1,"Shopping",7,4,0
"1244",5,3,1,"Shopping",7,5,0
"1245",5,3,1,"Shopping",7,6,0
"1246",5,3,1,"Shopping",7,7,0
"1247",5,3,1,"Shopping",7,8,0
"1248",5,3,1,"Shopping",7,9,0
"1249",5,3,1,"Shopping",1,0,0
"1250",5,3,1,"Shopping",1,1,0
"1251",5,3,1,"Shopping",1,10,0
"1252",5,3,1,"Shopping",1,11,0
"1253",5,3,1,"Shopping",1,12,0
"1254",5,3,1,"Shopping",1,13,0
"1255",5,3,1,"Shopping",1,14,0
"1256",5,3,1,"Shopping",1,15,0
"1257",5,3,1,"Shopping",1,16,1
"1258",5,3,1,"Shopping",1,17,0
"1259",5,3,1,"Shopping",1,18,0
"1260",5,3,1,"Shopping",1,19,2
"1261",5,3,1,"Shopping",1,2,0
"1262",5,3,1,"Shopping",1,20,0
"1263",5,3,1,"Shopping",1,21,1
"1264",5,3,1,"Shopping",1,22,1
"1265",5,3,1,"Shopping",1,23,0
"1266",5,3,1,"Shopping",1,3,0
"1267",5,3,1,"Shopping",1,4,0
"1268",5,3,1,"Shopping",1,5,0
"1269",5,3,1,"Shopping",1,6,0
"1270",5,3,1,"Shopping",1,7,0
"1271",5,3,1,"Shopping",1,8,0
"1272",5,3,1,"Shopping",1,9,0
"1273",5,3,1,"Shopping",5,0,0
"1274",5,3,1,"Shopping",5,1,0
"1275",5,3,1,"Shopping",5,10,0
"1276",5,3,1,"Shopping",5,11,0
"1277",5,3,1,"Shopping",5,12,0
"1278",5,3,1,"Shopping",5,13,0
"1279",5,3,1,"Shopping",5,14,0
"1280",5,3,1,"Shopping",5,15,0
"1281",5,3,1,"Shopping",5,16,0
"1282",5,3,1,"Shopping",5,17,0
"1283",5,3,1,"Shopping",5,18,0
"1284",5,3,1,"Shopping",5,19,0
"1285",5,3,1,"Shopping",5,2,0
"1286",5,3,1,"Shopping",5,20,0
"1287",5,3,1,"Shopping",5,21,0
"1288",5,3,1,"Shopping",5,22,0
"1289",5,3,1,"Shopping",5,23,0
"1290",5,3,1,"Shopping",5,3,0
"1291",5,3,1,"Shopping",5,4,0
"1292",5,3,1,"Shopping",5,5,0
"1293",5,3,1,"Shopping",5,6,0
"1294",5,3,1,"Shopping",5,7,0
"1295",5,3,1,"Shopping",5,8,0
"1296",5,3,1,"Shopping",5,9,0
"1297",5,3,1,"Shopping",3,0,0
"1298",5,3,1,"Shopping",3,1,0
"1299",5,3,1,"Shopping",3,10,0
"1300",5,3,1,"Shopping",3,11,0
"1301",5,3,1,"Shopping",3,12,0
"1302",5,3,1,"Shopping",3,13,0
"1303",5,3,1,"Shopping",3,14,0
"1304",5,3,1,"Shopping",3,15,0
"1305",5,3,1,"Shopping",3,16,0
"1306",5,3,1,"Shopping",3,17,0
"1307",5,3,1,"Shopping",3,18,0
"1308",5,3,1,"Shopping",3,19,0
"1309",5,3,1,"Shopping",3,2,0
"1310",5,3,1,"Shopping",3,20,0
"1311",5,3,1,"Shopping",3,21,0
"1312",5,3,1,"Shopping",3,22,0
"1313",5,3,1,"Shopping",3,23,0
"1314",5,3,1,"Shopping",3,3,0
"1315",5,3,1,"Shopping",3,4,0
"1316",5,3,1,"Shopping",3,5,0
"1317",5,3,1,"Shopping",3,6,0
"1318",5,3,1,"Shopping",3,7,0
"1319",5,3,1,"Shopping",3,8,0
"1320",5,3,1,"Shopping",3,9,0
"1321",5,3,1,"Shopping",4,0,0
"1322",5,3,1,"Shopping",4,1,0
"1323",5,3,1,"Shopping",4,10,0
"1324",5,3,1,"Shopping",4,11,0
"1325",5,3,1,"Shopping",4,12,0
"1326",5,3,1,"Shopping",4,13,0
"1327",5,3,1,"Shopping",4,14,0
"1328",5,3,1,"Shopping",4,15,0
"1329",5,3,1,"Shopping",4,16,0
"1330",5,3,1,"Shopping",4,17,0
"1331",5,3,1,"Shopping",4,18,0
"1332",5,3,1,"Shopping",4,19,0
"1333",5,3,1,"Shopping",4,2,0
"1334",5,3,1,"Shopping",4,20,0
"1335",5,3,1,"Shopping",4,21,0
"1336",5,3,1,"Shopping",4,22,1
"1337",5,3,1,"Shopping",4,23,0
"1338",5,3,1,"Shopping",4,3,0
"1339",5,3,1,"Shopping",4,4,0
"1340",5,3,1,"Shopping",4,5,0
"1341",5,3,1,"Shopping",4,6,0
"1342",5,3,1,"Shopping",4,7,0
"1343",5,3,1,"Shopping",4,8,0
"1344",5,3,1,"Shopping",4,9,0
"1345",5,5,1,"Home Services",6,0,0
"1346",5,5,1,"Home Services",6,1,0
"1347",5,5,1,"Home Services",6,10,0
"1348",5,5,1,"Home Services",6,11,0
"1349",5,5,1,"Home Services",6,12,0
"1350",5,5,1,"Home Services",6,13,0
"1351",5,5,1,"Home Services",6,14,0
"1352",5,5,1,"Home Services",6,15,0
"1353",5,5,1,"Home Services",6,16,0
"1354",5,5,1,"Home Services",6,17,0
"1355",5,5,1,"Home Services",6,18,0
"1356",5,5,1,"Home Services",6,19,0
"1357",5,5,1,"Home Services",6,2,0
"1358",5,5,1,"Home Services",6,20,0
"1359",5,5,1,"Home Services",6,21,0
"1360",5,5,1,"Home Services",6,22,0
"1361",5,5,1,"Home Services",6,23,0
"1362",5,5,1,"Home Services",6,3,0
"1363",5,5,1,"Home Services",6,4,0
"1364",5,5,1,"Home Services",6,5,0
"1365",5,5,1,"Home Services",6,6,0
"1366",5,5,1,"Home Services",6,7,0
"1367",5,5,1,"Home Services",6,8,0
"1368",5,5,1,"Home Services",6,9,0
"1369",5,5,1,"Home Services",2,0,0
"1370",5,5,1,"Home Services",2,1,0
"1371",5,5,1,"Home Services",2,10,0
"1372",5,5,1,"Home Services",2,11,0
"1373",5,5,1,"Home Services",2,12,0
"1374",5,5,1,"Home Services",2,13,0
"1375",5,5,1,"Home Services",2,14,0
"1376",5,5,1,"Home Services",2,15,0
"1377",5,5,1,"Home Services",2,16,0
"1378",5,5,1,"Home Services",2,17,0
"1379",5,5,1,"Home Services",2,18,0
"1380",5,5,1,"Home Services",2,19,0
"1381",5,5,1,"Home Services",2,2,0
"1382",5,5,1,"Home Services",2,20,0
"1383",5,5,1,"Home Services",2,21,0
"1384",5,5,1,"Home Services",2,22,0
"1385",5,5,1,"Home Services",2,23,0
"1386",5,5,1,"Home Services",2,3,0
"1387",5,5,1,"Home Services",2,4,0
"1388",5,5,1,"Home Services",2,5,0
"1389",5,5,1,"Home Services",2,6,0
"1390",5,5,1,"Home Services",2,7,0
"1391",5,5,1,"Home Services",2,8,0
"1392",5,5,1,"Home Services",2,9,0
"1393",5,5,1,"Home Services",7,0,0
"1394",5,5,1,"Home Services",7,1,0
"1395",5,5,1,"Home Services",7,10,0
"1396",5,5,1,"Home Services",7,11,0
"1397",5,5,1,"Home Services",7,12,0
"1398",5,5,1,"Home Services",7,13,0
"1399",5,5,1,"Home Services",7,14,0
"1400",5,5,1,"Home Services",7,15,0
"1401",5,5,1,"Home Services",7,16,0
"1402",5,5,1,"Home Services",7,17,0
"1403",5,5,1,"Home Services",7,18,0
"1404",5,5,1,"Home Services",7,19,0
"1405",5,5,1,"Home Services",7,2,0
"1406",5,5,1,"Home Services",7,20,0
"1407",5,5,1,"Home Services",7,21,0
"1408",5,5,1,"Home Services",7,22,0
"1409",5,5,1,"Home Services",7,23,0
"1410",5,5,1,"Home Services",7,3,0
"1411",5,5,1,"Home Services",7,4,0
"1412",5,5,1,"Home Services",7,5,0
"1413",5,5,1,"Home Services",7,6,0
"1414",5,5,1,"Home Services",7,7,0
"1415",5,5,1,"Home Services",7,8,0
"1416",5,5,1,"Home Services",7,9,0
"1417",5,5,1,"Home Services",1,0,0
"1418",5,5,1,"Home Services",1,1,0
"1419",5,5,1,"Home Services",1,10,0
"1420",5,5,1,"Home Services",1,11,0
"1421",5,5,1,"Home Services",1,12,0
"1422",5,5,1,"Home Services",1,13,0
"1423",5,5,1,"Home Services",1,14,0
"1424",5,5,1,"Home Services",1,15,0
"1425",5,5,1,"Home Services",1,16,0
"1426",5,5,1,"Home Services",1,17,0
"1427",5,5,1,"Home Services",1,18,0
"1428",5,5,1,"Home Services",1,19,0
"1429",5,5,1,"Home Services",1,2,0
"1430",5,5,1,"Home Services",1,20,0
"1431",5,5,1,"Home Services",1,21,0
"1432",5,5,1,"Home Services",1,22,0
"1433",5,5,1,"Home Services",1,23,0
"1434",5,5,1,"Home Services",1,3,0
"1435",5,5,1,"Home Services",1,4,0
"1436",5,5,1,"Home Services",1,5,0
"1437",5,5,1,"Home Services",1,6,0
"1438",5,5,1,"Home Services",1,7,0
"1439",5,5,1,"Home Services",1,8,0
"1440",5,5,1,"Home Services",1,9,0
"1441",5,5,1,"Home Services",5,0,0
"1442",5,5,1,"Home Services",5,1,0
"1443",5,5,1,"Home Services",5,10,0
"1444",5,5,1,"Home Services",5,11,0
"1445",5,5,1,"Home Services",5,12,0
"1446",5,5,1,"Home Services",5,13,0
"1447",5,5,1,"Home Services",5,14,0
"1448",5,5,1,"Home Services",5,15,0
"1449",5,5,1,"Home Services",5,16,0
"1450",5,5,1,"Home Services",5,17,0
"1451",5,5,1,"Home Services",5,18,0
"1452",5,5,1,"Home Services",5,19,0
"1453",5,5,1,"Home Services",5,2,0
"1454",5,5,1,"Home Services",5,20,0
"1455",5,5,1,"Home Services",5,21,0
"1456",5,5,1,"Home Services",5,22,0
"1457",5,5,1,"Home Services",5,23,1
"1458",5,5,1,"Home Services",5,3,0
"1459",5,5,1,"Home Services",5,4,0
"1460",5,5,1,"Home Services",5,5,0
"1461",5,5,1,"Home Services",5,6,0
"1462",5,5,1,"Home Services",5,7,0
"1463",5,5,1,"Home Services",5,8,0
"1464",5,5,1,"Home Services",5,9,0
"1465",5,5,1,"Home Services",3,0,0
"1466",5,5,1,"Home Services",3,1,0
"1467",5,5,1,"Home Services",3,10,0
"1468",5,5,1,"Home Services",3,11,0
"1469",5,5,1,"Home Services",3,12,0
"1470",5,5,1,"Home Services",3,13,0
"1471",5,5,1,"Home Services",3,14,0
"1472",5,5,1,"Home Services",3,15,0
"1473",5,5,1,"Home Services",3,16,0
"1474",5,5,1,"Home Services",3,17,0
"1475",5,5,1,"Home Services",3,18,0
"1476",5,5,1,"Home Services",3,19,0
"1477",5,5,1,"Home Services",3,2,0
"1478",5,5,1,"Home Services",3,20,0
"1479",5,5,1,"Home Services",3,21,0
"1480",5,5,1,"Home Services",3,22,0
"1481",5,5,1,"Home Services",3,23,0
"1482",5,5,1,"Home Services",3,3,0
"1483",5,5,1,"Home Services",3,4,0
"1484",5,5,1,"Home Services",3,5,0
"1485",5,5,1,"Home Services",3,6,0
"1486",5,5,1,"Home Services",3,7,0
"1487",5,5,1,"Home Services",3,8,0
"1488",5,5,1,"Home Services",3,9,0
"1489",5,5,1,"Home Services",4,0,0
"1490",5,5,1,"Home Services",4,1,0
"1491",5,5,1,"Home Services",4,10,0
"1492",5,5,1,"Home Services",4,11,0
"1493",5,5,1,"Home Services",4,12,0
"1494",5,5,1,"Home Services",4,13,0
"1495",5,5,1,"Home Services",4,14,0
"1496",5,5,1,"Home Services",4,15,0
"1497",5,5,1,"Home Services",4,16,0
"1498",5,5,1,"Home Services",4,17,0
"1499",5,5,1,"Home Services",4,18,0
"1500",5,5,1,"Home Services",4,19,0
"1501",5,5,1,"Home Services",4,2,0
"1502",5,5,1,"Home Services",4,20,0
"1503",5,5,1,"Home Services",4,21,0
"1504",5,5,1,"Home Services",4,22,0
"1505",5,5,1,"Home Services",4,23,0
"1506",5,5,1,"Home Services",4,3,0
"1507",5,5,1,"Home Services",4,4,0
"1508",5,5,1,"Home Services",4,5,0
"1509",5,5,1,"Home Services",4,6,0
"1510",5,5,1,"Home Services",4,7,0
"1511",5,5,1,"Home Services",4,8,0
"1512",5,5,1,"Home Services",4,9,0
"1513",4,435,1,"Restaurants",6,0,27
"1514",4,435,1,"Restaurants",6,1,45
"1515",4,435,1,"Restaurants",6,10,0
"1516",4,435,1,"Restaurants",6,11,0
"1517",4,435,1,"Restaurants",6,12,0
"1518",4,435,1,"Restaurants",6,13,0
"1519",4,435,1,"Restaurants",6,14,1
"1520",4,435,1,"Restaurants",6,15,1
"1521",4,435,1,"Restaurants",6,16,1
"1522",4,435,1,"Restaurants",6,17,2
"1523",4,435,1,"Restaurants",6,18,7
"1524",4,435,1,"Restaurants",6,19,13
"1525",4,435,1,"Restaurants",6,2,45
"1526",4,435,1,"Restaurants",6,20,12
"1527",4,435,1,"Restaurants",6,21,7
"1528",4,435,1,"Restaurants",6,22,10
"1529",4,435,1,"Restaurants",6,23,20
"1530",4,435,1,"Restaurants",6,3,22
"1531",4,435,1,"Restaurants",6,4,17
"1532",4,435,1,"Restaurants",6,5,21
"1533",4,435,1,"Restaurants",6,6,3
"1534",4,435,1,"Restaurants",6,7,1
"1535",4,435,1,"Restaurants",6,8,1
"1536",4,435,1,"Restaurants",6,9,0
"1537",4,435,1,"Restaurants",2,0,28
"1538",4,435,1,"Restaurants",2,1,25
"1539",4,435,1,"Restaurants",2,10,0
"1540",4,435,1,"Restaurants",2,11,0
"1541",4,435,1,"Restaurants",2,12,0
"1542",4,435,1,"Restaurants",2,13,1
"1543",4,435,1,"Restaurants",2,14,2
"1544",4,435,1,"Restaurants",2,15,1
"1545",4,435,1,"Restaurants",2,16,1
"1546",4,435,1,"Restaurants",2,17,0
"1547",4,435,1,"Restaurants",2,18,6
"1548",4,435,1,"Restaurants",2,19,10
"1549",4,435,1,"Restaurants",2,2,20
"1550",4,435,1,"Restaurants",2,20,6
"1551",4,435,1,"Restaurants",2,21,4
"1552",4,435,1,"Restaurants",2,22,5
"1553",4,435,1,"Restaurants",2,23,6
"1554",4,435,1,"Restaurants",2,3,20
"1555",4,435,1,"Restaurants",2,4,10
"1556",4,435,1,"Restaurants",2,5,9
"1557",4,435,1,"Restaurants",2,6,5
"1558",4,435,1,"Restaurants",2,7,0
"1559",4,435,1,"Restaurants",2,8,1
"1560",4,435,1,"Restaurants",2,9,0
"1561",4,435,1,"Restaurants",7,0,65
"1562",4,435,1,"Restaurants",7,1,59
"1563",4,435,1,"Restaurants",7,10,0
"1564",4,435,1,"Restaurants",7,11,0
"1565",4,435,1,"Restaurants",7,12,0
"1566",4,435,1,"Restaurants",7,13,0
"1567",4,435,1,"Restaurants",7,14,0
"1568",4,435,1,"Restaurants",7,15,1
"1569",4,435,1,"Restaurants",7,16,3
"1570",4,435,1,"Restaurants",7,17,4
"1571",4,435,1,"Restaurants",7,18,9
"1572",4,435,1,"Restaurants",7,19,12
"1573",4,435,1,"Restaurants",7,2,66
"1574",4,435,1,"Restaurants",7,20,13
"1575",4,435,1,"Restaurants",7,21,11
"1576",4,435,1,"Restaurants",7,22,16
"1577",4,435,1,"Restaurants",7,23,18
"1578",4,435,1,"Restaurants",7,3,49
"1579",4,435,1,"Restaurants",7,4,43
"1580",4,435,1,"Restaurants",7,5,47
"1581",4,435,1,"Restaurants",7,6,20
"1582",4,435,1,"Restaurants",7,7,13
"1583",4,435,1,"Restaurants",7,8,2
"1584",4,435,1,"Restaurants",7,9,0
"1585",4,435,1,"Restaurants",1,0,44
"1586",4,435,1,"Restaurants",1,1,45
"1587",4,435,1,"Restaurants",1,10,0
"1588",4,435,1,"Restaurants",1,11,0
"1589",4,435,1,"Restaurants",1,12,0
"1590",4,435,1,"Restaurants",1,13,0
"1591",4,435,1,"Restaurants",1,14,1
"1592",4,435,1,"Restaurants",1,15,2
"1593",4,435,1,"Restaurants",1,16,3
"1594",4,435,1,"Restaurants",1,17,12
"1595",4,435,1,"Restaurants",1,18,18
"1596",4,435,1,"Restaurants",1,19,19
"1597",4,435,1,"Restaurants",1,2,55
"1598",4,435,1,"Restaurants",1,20,13
"1599",4,435,1,"Restaurants",1,21,17
"1600",4,435,1,"Restaurants",1,22,7
"1601",4,435,1,"Restaurants",1,23,14
"1602",4,435,1,"Restaurants",1,3,57
"1603",4,435,1,"Restaurants",1,4,52
"1604",4,435,1,"Restaurants",1,5,48
"1605",4,435,1,"Restaurants",1,6,25
"1606",4,435,1,"Restaurants",1,7,12
"1607",4,435,1,"Restaurants",1,8,2
"1608",4,435,1,"Restaurants",1,9,0
"1609",4,435,1,"Restaurants",5,0,22
"1610",4,435,1,"Restaurants",5,1,34
"1611",4,435,1,"Restaurants",5,10,0
"1612",4,435,1,"Restaurants",5,11,0
"1613",4,435,1,"Restaurants",5,12,0
"1614",4,435,1,"Restaurants",5,13,2
"1615",4,435,1,"Restaurants",5,14,0
"1616",4,435,1,"Restaurants",5,15,1
"1617",4,435,1,"Restaurants",5,16,3
"1618",4,435,1,"Restaurants",5,17,1
"1619",4,435,1,"Restaurants",5,18,11
"1620",4,435,1,"Restaurants",5,19,9
"1621",4,435,1,"Restaurants",5,2,29
"1622",4,435,1,"Restaurants",5,20,4
"1623",4,435,1,"Restaurants",5,21,4
"1624",4,435,1,"Restaurants",5,22,4
"1625",4,435,1,"Restaurants",5,23,7
"1626",4,435,1,"Restaurants",5,3,24
"1627",4,435,1,"Restaurants",5,4,21
"1628",4,435,1,"Restaurants",5,5,13
"1629",4,435,1,"Restaurants",5,6,3
"1630",4,435,1,"Restaurants",5,7,1
"1631",4,435,1,"Restaurants",5,8,0
"1632",4,435,1,"Restaurants",5,9,0
"1633",4,435,1,"Restaurants",3,0,21
"1634",4,435,1,"Restaurants",3,1,29
"1635",4,435,1,"Restaurants",3,10,0
"1636",4,435,1,"Restaurants",3,11,0
"1637",4,435,1,"Restaurants",3,12,0
"1638",4,435,1,"Restaurants",3,13,1
"1639",4,435,1,"Restaurants",3,14,1
"1640",4,435,1,"Restaurants",3,15,1
"1641",4,435,1,"Restaurants",3,16,1
"1642",4,435,1,"Restaurants",3,17,0
"1643",4,435,1,"Restaurants",3,18,9
"1644",4,435,1,"Restaurants",3,19,10
"1645",4,435,1,"Restaurants",3,2,26
"1646",4,435,1,"Restaurants",3,20,6
"1647",4,435,1,"Restaurants",3,21,2
"1648",4,435,1,"Restaurants",3,22,2
"1649",4,435,1,"Restaurants",3,23,6
"1650",4,435,1,"Restaurants",3,3,15
"1651",4,435,1,"Restaurants",3,4,11
"1652",4,435,1,"Restaurants",3,5,12
"1653",4,435,1,"Restaurants",3,6,5
"1654",4,435,1,"Restaurants",3,7,1
"1655",4,435,1,"Restaurants",3,8,1
"1656",4,435,1,"Restaurants",3,9,0
"1657",4,435,1,"Restaurants",4,0,29
"1658",4,435,1,"Restaurants",4,1,38
"1659",4,435,1,"Restaurants",4,10,0
"1660",4,435,1,"Restaurants",4,11,0
"1661",4,435,1,"Restaurants",4,12,0
"1662",4,435,1,"Restaurants",4,13,2
"1663",4,435,1,"Restaurants",4,14,0
"1664",4,435,1,"Restaurants",4,15,1
"1665",4,435,1,"Restaurants",4,16,1
"1666",4,435,1,"Restaurants",4,17,1
"1667",4,435,1,"Restaurants",4,18,6
"1668",4,435,1,"Restaurants",4,19,13
"1669",4,435,1,"Restaurants",4,2,27
"1670",4,435,1,"Restaurants",4,20,6
"1671",4,435,1,"Restaurants",4,21,3
"1672",4,435,1,"Restaurants",4,22,3
"1673",4,435,1,"Restaurants",4,23,12
"1674",4,435,1,"Restaurants",4,3,25
"1675",4,435,1,"Restaurants",4,4,12
"1676",4,435,1,"Restaurants",4,5,9
"1677",4,435,1,"Restaurants",4,6,1
"1678",4,435,1,"Restaurants",4,7,0
"1679",4,435,1,"Restaurants",4,8,0
"1680",4,435,1,"Restaurants",4,9,0
"1681",4,51,1,"Restaurants",6,0,1
"1682",4,51,1,"Restaurants",6,1,4
"1683",4,51,1,"Restaurants",6,10,0
"1684",4,51,1,"Restaurants",6,11,0
"1685",4,51,1,"Restaurants",6,12,0
"1686",4,51,1,"Restaurants",6,13,0
"1687",4,51,1,"Restaurants",6,14,0
"1688",4,51,1,"Restaurants",6,15,0
"1689",4,51,1,"Restaurants",6,16,0
"1690",4,51,1,"Restaurants",6,17,0
"1691",4,51,1,"Restaurants",6,18,2
"1692",4,51,1,"Restaurants",6,19,1
"1693",4,51,1,"Restaurants",6,2,4
"1694",4,51,1,"Restaurants",6,20,0
"1695",4,51,1,"Restaurants",6,21,1
"1696",4,51,1,"Restaurants",6,22,0
"1697",4,51,1,"Restaurants",6,23,1
"1698",4,51,1,"Restaurants",6,3,1
"1699",4,51,1,"Restaurants",6,4,1
"1700",4,51,1,"Restaurants",6,5,0
"1701",4,51,1,"Restaurants",6,6,0
"1702",4,51,1,"Restaurants",6,7,0
"1703",4,51,1,"Restaurants",6,8,0
"1704",4,51,1,"Restaurants",6,9,0
"1705",4,51,1,"Restaurants",2,0,0
"1706",4,51,1,"Restaurants",2,1,0
"1707",4,51,1,"Restaurants",2,10,0
"1708",4,51,1,"Restaurants",2,11,0
"1709",4,51,1,"Restaurants",2,12,0
"1710",4,51,1,"Restaurants",2,13,0
"1711",4,51,1,"Restaurants",2,14,0
"1712",4,51,1,"Restaurants",2,15,0
"1713",4,51,1,"Restaurants",2,16,0
"1714",4,51,1,"Restaurants",2,17,0
"1715",4,51,1,"Restaurants",2,18,0
"1716",4,51,1,"Restaurants",2,19,0
"1717",4,51,1,"Restaurants",2,2,0
"1718",4,51,1,"Restaurants",2,20,0
"1719",4,51,1,"Restaurants",2,21,0
"1720",4,51,1,"Restaurants",2,22,0
"1721",4,51,1,"Restaurants",2,23,3
"1722",4,51,1,"Restaurants",2,3,1
"1723",4,51,1,"Restaurants",2,4,1
"1724",4,51,1,"Restaurants",2,5,1
"1725",4,51,1,"Restaurants",2,6,0
"1726",4,51,1,"Restaurants",2,7,0
"1727",4,51,1,"Restaurants",2,8,0
"1728",4,51,1,"Restaurants",2,9,0
"1729",4,51,1,"Restaurants",7,0,2
"1730",4,51,1,"Restaurants",7,1,2
"1731",4,51,1,"Restaurants",7,10,0
"1732",4,51,1,"Restaurants",7,11,0
"1733",4,51,1,"Restaurants",7,12,0
"1734",4,51,1,"Restaurants",7,13,0
"1735",4,51,1,"Restaurants",7,14,0
"1736",4,51,1,"Restaurants",7,15,0
"1737",4,51,1,"Restaurants",7,16,0
"1738",4,51,1,"Restaurants",7,17,0
"1739",4,51,1,"Restaurants",7,18,0
"1740",4,51,1,"Restaurants",7,19,0
"1741",4,51,1,"Restaurants",7,2,5
"1742",4,51,1,"Restaurants",7,20,2
"1743",4,51,1,"Restaurants",7,21,2
"1744",4,51,1,"Restaurants",7,22,3
"1745",4,51,1,"Restaurants",7,23,1
"1746",4,51,1,"Restaurants",7,3,3
"1747",4,51,1,"Restaurants",7,4,3
"1748",4,51,1,"Restaurants",7,5,4
"1749",4,51,1,"Restaurants",7,6,1
"1750",4,51,1,"Restaurants",7,7,0
"1751",4,51,1,"Restaurants",7,8,0
"1752",4,51,1,"Restaurants",7,9,0
"1753",4,51,1,"Restaurants",1,0,2
"1754",4,51,1,"Restaurants",1,1,1
"1755",4,51,1,"Restaurants",1,10,0
"1756",4,51,1,"Restaurants",1,11,0
"1757",4,51,1,"Restaurants",1,12,0
"1758",4,51,1,"Restaurants",1,13,0
"1759",4,51,1,"Restaurants",1,14,1
"1760",4,51,1,"Restaurants",1,15,1
"1761",4,51,1,"Restaurants",1,16,0
"1762",4,51,1,"Restaurants",1,17,0
"1763",4,51,1,"Restaurants",1,18,1
"1764",4,51,1,"Restaurants",1,19,0
"1765",4,51,1,"Restaurants",1,2,5
"1766",4,51,1,"Restaurants",1,20,0
"1767",4,51,1,"Restaurants",1,21,1
"1768",4,51,1,"Restaurants",1,22,1
"1769",4,51,1,"Restaurants",1,23,0
"1770",4,51,1,"Restaurants",1,3,3
"1771",4,51,1,"Restaurants",1,4,0
"1772",4,51,1,"Restaurants",1,5,3
"1773",4,51,1,"Restaurants",1,6,0
"1774",4,51,1,"Restaurants",1,7,1
"1775",4,51,1,"Restaurants",1,8,0
"1776",4,51,1,"Restaurants",1,9,0
"1777",4,51,1,"Restaurants",5,0,2
"1778",4,51,1,"Restaurants",5,1,2
"1779",4,51,1,"Restaurants",5,10,0
"1780",4,51,1,"Restaurants",5,11,0
"1781",4,51,1,"Restaurants",5,12,0
"1782",4,51,1,"Restaurants",5,13,0
"1783",4,51,1,"Restaurants",5,14,0
"1784",4,51,1,"Restaurants",5,15,0
"1785",4,51,1,"Restaurants",5,16,0
"1786",4,51,1,"Restaurants",5,17,0
"1787",4,51,1,"Restaurants",5,18,0
"1788",4,51,1,"Restaurants",5,19,1
"1789",4,51,1,"Restaurants",5,2,3
"1790",4,51,1,"Restaurants",5,20,0
"1791",4,51,1,"Restaurants",5,21,0
"1792",4,51,1,"Restaurants",5,22,0
"1793",4,51,1,"Restaurants",5,23,0
"1794",4,51,1,"Restaurants",5,3,1
"1795",4,51,1,"Restaurants",5,4,0
"1796",4,51,1,"Restaurants",5,5,0
"1797",4,51,1,"Restaurants",5,6,1
"1798",4,51,1,"Restaurants",5,7,0
"1799",4,51,1,"Restaurants",5,8,0
"1800",4,51,1,"Restaurants",5,9,0
"1801",4,51,1,"Restaurants",3,0,0
"1802",4,51,1,"Restaurants",3,1,1
"1803",4,51,1,"Restaurants",3,10,0
"1804",4,51,1,"Restaurants",3,11,0
"1805",4,51,1,"Restaurants",3,12,0
"1806",4,51,1,"Restaurants",3,13,0
"1807",4,51,1,"Restaurants",3,14,0
"1808",4,51,1,"Restaurants",3,15,0
"1809",4,51,1,"Restaurants",3,16,0
"1810",4,51,1,"Restaurants",3,17,1
"1811",4,51,1,"Restaurants",3,18,0
"1812",4,51,1,"Restaurants",3,19,0
"1813",4,51,1,"Restaurants",3,2,0
"1814",4,51,1,"Restaurants",3,20,0
"1815",4,51,1,"Restaurants",3,21,0
"1816",4,51,1,"Restaurants",3,22,0
"1817",4,51,1,"Restaurants",3,23,0
"1818",4,51,1,"Restaurants",3,3,0
"1819",4,51,1,"Restaurants",3,4,2
"1820",4,51,1,"Restaurants",3,5,0
"1821",4,51,1,"Restaurants",3,6,0
"1822",4,51,1,"Restaurants",3,7,0
"1823",4,51,1,"Restaurants",3,8,0
"1824",4,51,1,"Restaurants",3,9,0
"1825",4,51,1,"Restaurants",4,0,2
"1826",4,51,1,"Restaurants",4,1,3
"1827",4,51,1,"Restaurants",4,10,0
"1828",4,51,1,"Restaurants",4,11,0
"1829",4,51,1,"Restaurants",4,12,0
"1830",4,51,1,"Restaurants",4,13,0
"1831",4,51,1,"Restaurants",4,14,0
"1832",4,51,1,"Restaurants",4,15,0
"1833",4,51,1,"Restaurants",4,16,0
"1834",4,51,1,"Restaurants",4,17,0
"1835",4,51,1,"Restaurants",4,18,1
"1836",4,51,1,"Restaurants",4,19,1
"1837",4,51,1,"Restaurants",4,2,1
"1838",4,51,1,"Restaurants",4,20,0
"1839",4,51,1,"Restaurants",4,21,0
"1840",4,51,1,"Restaurants",4,22,0
"1841",4,51,1,"Restaurants",4,23,0
"1842",4,51,1,"Restaurants",4,3,2
"1843",4,51,1,"Restaurants",4,4,1
"1844",4,51,1,"Restaurants",4,5,1
"1845",4,51,1,"Restaurants",4,6,0
"1846",4,51,1,"Restaurants",4,7,0
"1847",4,51,1,"Restaurants",4,8,0
"1848",4,51,1,"Restaurants",4,9,0
"1849",3.5,47,1,"Automotive",6,0,4
"1850",3.5,47,1,"Automotive",6,1,0
"1851",3.5,47,1,"Automotive",6,10,0
"1852",3.5,47,1,"Automotive",6,11,0
"1853",3.5,47,1,"Automotive",6,12,0
"1854",3.5,47,1,"Automotive",6,13,0
"1855",3.5,47,1,"Automotive",6,14,0
"1856",3.5,47,1,"Automotive",6,15,1
"1857",3.5,47,1,"Automotive",6,16,0
"1858",3.5,47,1,"Automotive",6,17,0
"1859",3.5,47,1,"Automotive",6,18,0
"1860",3.5,47,1,"Automotive",6,19,0
"1861",3.5,47,1,"Automotive",6,2,0
"1862",3.5,47,1,"Automotive",6,20,0
"1863",3.5,47,1,"Automotive",6,21,1
"1864",3.5,47,1,"Automotive",6,22,0
"1865",3.5,47,1,"Automotive",6,23,1
"1866",3.5,47,1,"Automotive",6,3,0
"1867",3.5,47,1,"Automotive",6,4,0
"1868",3.5,47,1,"Automotive",6,5,0
"1869",3.5,47,1,"Automotive",6,6,0
"1870",3.5,47,1,"Automotive",6,7,0
"1871",3.5,47,1,"Automotive",6,8,0
"1872",3.5,47,1,"Automotive",6,9,0
"1873",3.5,47,1,"Automotive",2,0,0
"1874",3.5,47,1,"Automotive",2,1,0
"1875",3.5,47,1,"Automotive",2,10,0
"1876",3.5,47,1,"Automotive",2,11,0
"1877",3.5,47,1,"Automotive",2,12,0
"1878",3.5,47,1,"Automotive",2,13,0
"1879",3.5,47,1,"Automotive",2,14,0
"1880",3.5,47,1,"Automotive",2,15,0
"1881",3.5,47,1,"Automotive",2,16,1
"1882",3.5,47,1,"Automotive",2,17,0
"1883",3.5,47,1,"Automotive",2,18,0
"1884",3.5,47,1,"Automotive",2,19,1
"1885",3.5,47,1,"Automotive",2,2,0
"1886",3.5,47,1,"Automotive",2,20,0
"1887",3.5,47,1,"Automotive",2,21,0
"1888",3.5,47,1,"Automotive",2,22,0
"1889",3.5,47,1,"Automotive",2,23,0
"1890",3.5,47,1,"Automotive",2,3,0
"1891",3.5,47,1,"Automotive",2,4,0
"1892",3.5,47,1,"Automotive",2,5,0
"1893",3.5,47,1,"Automotive",2,6,0
"1894",3.5,47,1,"Automotive",2,7,0
"1895",3.5,47,1,"Automotive",2,8,0
"1896",3.5,47,1,"Automotive",2,9,0
"1897",3.5,47,1,"Automotive",7,0,1
"1898",3.5,47,1,"Automotive",7,1,0
"1899",3.5,47,1,"Automotive",7,10,0
"1900",3.5,47,1,"Automotive",7,11,0
"1901",3.5,47,1,"Automotive",7,12,0
"1902",3.5,47,1,"Automotive",7,13,1
"1903",3.5,47,1,"Automotive",7,14,0
"1904",3.5,47,1,"Automotive",7,15,0
"1905",3.5,47,1,"Automotive",7,16,0
"1906",3.5,47,1,"Automotive",7,17,1
"1907",3.5,47,1,"Automotive",7,18,0
"1908",3.5,47,1,"Automotive",7,19,0
"1909",3.5,47,1,"Automotive",7,2,0
"1910",3.5,47,1,"Automotive",7,20,0
"1911",3.5,47,1,"Automotive",7,21,0
"1912",3.5,47,1,"Automotive",7,22,1
"1913",3.5,47,1,"Automotive",7,23,0
"1914",3.5,47,1,"Automotive",7,3,0
"1915",3.5,47,1,"Automotive",7,4,0
"1916",3.5,47,1,"Automotive",7,5,0
"1917",3.5,47,1,"Automotive",7,6,0
"1918",3.5,47,1,"Automotive",7,7,0
"1919",3.5,47,1,"Automotive",7,8,0
"1920",3.5,47,1,"Automotive",7,9,0
"1921",3.5,47,1,"Automotive",1,0,0
"1922",3.5,47,1,"Automotive",1,1,0
"1923",3.5,47,1,"Automotive",1,10,0
"1924",3.5,47,1,"Automotive",1,11,0
"1925",3.5,47,1,"Automotive",1,12,0
"1926",3.5,47,1,"Automotive",1,13,0
"1927",3.5,47,1,"Automotive",1,14,0
"1928",3.5,47,1,"Automotive",1,15,0
"1929",3.5,47,1,"Automotive",1,16,0
"1930",3.5,47,1,"Automotive",1,17,0
"1931",3.5,47,1,"Automotive",1,18,0
"1932",3.5,47,1,"Automotive",1,19,0
"1933",3.5,47,1,"Automotive",1,2,0
"1934",3.5,47,1,"Automotive",1,20,1
"1935",3.5,47,1,"Automotive",1,21,0
"1936",3.5,47,1,"Automotive",1,22,0
"1937",3.5,47,1,"Automotive",1,23,0
"1938",3.5,47,1,"Automotive",1,3,0
"1939",3.5,47,1,"Automotive",1,4,0
"1940",3.5,47,1,"Automotive",1,5,0
"1941",3.5,47,1,"Automotive",1,6,0
"1942",3.5,47,1,"Automotive",1,7,0
"1943",3.5,47,1,"Automotive",1,8,0
"1944",3.5,47,1,"Automotive",1,9,0
"1945",3.5,47,1,"Automotive",5,0,1
"1946",3.5,47,1,"Automotive",5,1,0
"1947",3.5,47,1,"Automotive",5,10,0
"1948",3.5,47,1,"Automotive",5,11,0
"1949",3.5,47,1,"Automotive",5,12,0
"1950",3.5,47,1,"Automotive",5,13,0
"1951",3.5,47,1,"Automotive",5,14,1
"1952",3.5,47,1,"Automotive",5,15,0
"1953",3.5,47,1,"Automotive",5,16,0
"1954",3.5,47,1,"Automotive",5,17,0
"1955",3.5,47,1,"Automotive",5,18,0
"1956",3.5,47,1,"Automotive",5,19,0
"1957",3.5,47,1,"Automotive",5,2,0
"1958",3.5,47,1,"Automotive",5,20,1
"1959",3.5,47,1,"Automotive",5,21,1
"1960",3.5,47,1,"Automotive",5,22,0
"1961",3.5,47,1,"Automotive",5,23,0
"1962",3.5,47,1,"Automotive",5,3,0
"1963",3.5,47,1,"Automotive",5,4,0
"1964",3.5,47,1,"Automotive",5,5,0
"1965",3.5,47,1,"Automotive",5,6,0
"1966",3.5,47,1,"Automotive",5,7,0
"1967",3.5,47,1,"Automotive",5,8,0
"1968",3.5,47,1,"Automotive",5,9,0
"1969",3.5,47,1,"Automotive",3,0,0
"1970",3.5,47,1,"Automotive",3,1,0
"1971",3.5,47,1,"Automotive",3,10,0
"1972",3.5,47,1,"Automotive",3,11,0
"1973",3.5,47,1,"Automotive",3,12,0
"1974",3.5,47,1,"Automotive",3,13,0
"1975",3.5,47,1,"Automotive",3,14,0
"1976",3.5,47,1,"Automotive",3,15,0
"1977",3.5,47,1,"Automotive",3,16,1
"1978",3.5,47,1,"Automotive",3,17,0
"1979",3.5,47,1,"Automotive",3,18,2
"1980",3.5,47,1,"Automotive",3,19,1
"1981",3.5,47,1,"Automotive",3,2,0
"1982",3.5,47,1,"Automotive",3,20,0
"1983",3.5,47,1,"Automotive",3,21,1
"1984",3.5,47,1,"Automotive",3,22,0
"1985",3.5,47,1,"Automotive",3,23,0
"1986",3.5,47,1,"Automotive",3,3,0
"1987",3.5,47,1,"Automotive",3,4,0
"1988",3.5,47,1,"Automotive",3,5,0
"1989",3.5,47,1,"Automotive",3,6,0
"1990",3.5,47,1,"Automotive",3,7,0
"1991",3.5,47,1,"Automotive",3,8,0
"1992",3.5,47,1,"Automotive",3,9,0
"1993",3.5,47,1,"Automotive",4,0,0
"1994",3.5,47,1,"Automotive",4,1,0
"1995",3.5,47,1,"Automotive",4,10,0
"1996",3.5,47,1,"Automotive",4,11,0
"1997",3.5,47,1,"Automotive",4,12,0
"1998",3.5,47,1,"Automotive",4,13,0
"1999",3.5,47,1,"Automotive",4,14,0
"2000",3.5,47,1,"Automotive",4,15,0
